Incident_ID,Date,Time,City,Road_Name,Vehicle_Type,Accident_Type,Severity,Weather_Condition,Road_Condition,Cause,Driver_Age,Driver_Gender,Injury_Count,Damage_Cost_PHP,Latitude,Longitude
MMTI-2025-0253,2025-08-08,15:24:00,Manila,EDSA,Jeepney,Rear-end,Fatal,Clear,Slippery,Mechanical Failure,19.0,Male,,95500.0,14.549764624575177,121.03870494943409
MMTI-2025-0254,2025-06-26,09:08:00,Taguig,Taft Ave,Jeepney,Pedestrian,Fatal,Rain,Dry,Overspeeding,37.0,male,3.0,95000.0,14.604057682449177,121.00482352873361
MMTI-2025-0255,2025-08-11,21:08:00,Marikina,Aurora Blvd,Bus,Rear-end,Major,Cloudy,Dry,Mechanical Failure,32.0,Female,1.0,95500.0,14.504382654413122,121.00092671091704
MMTI-2025-0256,2025-03-05,11:45:00,Quezon City,Taft Ave,UV Express,Side-swipe,, clear,Dry,Overspeeding,60.0,Male,,4500.0,14.509647011294588,120.92315796526786
MMTI-2025-0257,2025-08-16,12:07:00,QUEZON CITY,Roxas Blvd,Truck,Rear-end,Major,RAIN,Dry,Reckless Driving,44.0,Male,,68500.0,14.553995429907438,121.02112686738481
MMTI-2025-0258,2025-03-12,13:53:00,Taguig,España Blvd,UV Express,Pedestrian,Minor,Storm,Dry,Distracted Driving,49.0,Female,4.0,27500.0,14.655591783319405,121.06629976410143
MMTI-2025-0259,2025-04-14,11:45:00,Malabon,Roxas Blvd,Car,Collision,,Cloudy,Wet,,39.0,Female,0.0,3500.0,14.63432662649304,121.08137600885397
MMTI-2025-0260,2025-10-21,21:31:00,Pasig,C5,Taxi,Pedestrian,Minor,RAIN,Dry,Reckless Driving,59.0,Female,3.0,39500.0,14.552825004554208,120.9100160391626
MMTI-2025-0261,2025-03-31,01:54:00,San Juan,Ortigas Ave,Taxi,Side-swipe,,RAIN,Dry,Distracted Driving,66.0,Male,0.0,19500.0,14.63267100549817,120.93410245527129
MMTI-2025-0262,2025-07-03,14:39:00,Mandaluyong,C5,Bus,Side-swipe,Major,Clear,,,47.0,male,3.0,90000.0,14.670134315607317,121.0599798193898
MMTI-2025-0263,2025-11-29,05:07:00,Pasig,EDSA,Taxi,Rear-end,Minor,Cloudy,,,69.0,FEMALE,1.0,80000.0,14.575950155823177,120.97171978296542
MMTI-2025-0264,2025-01-15,21:56:00,Pasig,Aurora Blvd,Truck,Collision,,Cloudy,Dry,Distracted Driving,34.0,male,0.0,92000.0,14.673666454371704,121.00496358240773
MMTI-2025-0265,2025-10-23,23:36:00,Caloocan,Ortigas Ave,Jeepney,Pedestrian,,Clear,,Mechanical Failure,48.0,male,,88500.0,14.628280890561456,120.92973089045142
MMTI-2025-0266,2025-10-13,19:03:00,Manila,Commonwealth Ave,Jeepney,Hit and Run,,Rain,Dry,,38.0,Female,2.0,37500.0,14.51007014290531,120.94454130463376
MMTI-2025-0267,2025-11-26,12:25:00,Caloocan,C5,Truck,Hit and Run,,Cloudy,Dry,,46.0,male,0.0,65500.0,14.649047792931457,120.90355382576979
MMTI-2025-0268,2025-07-26,13:02:00,QUEZON CITY,España Blvd,Motorcycle,Collision,, clear,Slippery,Mechanical Failure,59.0,FEMALE,2.0,48500.0,14.665062198123746,121.06331773731547
MMTI-2025-0269,2025-08-21,10:35:00, Pasig,Katipunan Ave,Truck,Side-swipe,,Clear,Dry,Mechanical Failure,18.0,male,2.0,83000.0,14.692886736690868,120.95839671276167
MMTI-2025-0270,2025-09-25,11:44:00,Taguig,EDSA,Car,Hit and Run,Major,RAIN,,Distracted Driving,34.0,Female,1.0,17000.0,14.686043251830629,120.97857929798305
MMTI-2025-0271,2025-08-23,06:45:00,Marikina,C5,Taxi,Hit and Run,Minor,RAIN,,Distracted Driving,67.0,FEMALE,3.0,86000.0,14.617863233322188,121.00083951523101
MMTI-2025-0272,2025-09-13,00:33:00,Quezon City,España Blvd,Truck,Pedestrian,, clear,Wet,Drunk Driving,64.0,Female,0.0,51500.0,14.631504362226346,121.02123215479061
MMTI-2025-0273,2025-06-14,16:56:00,Navotas,Taft Ave,Jeepney,Rear-end,Fatal,Cloudy,Slippery,Reckless Driving,46.0,Female,1.0,54500.0,14.620504889935276,121.07728737108175
MMTI-2025-0274,2025-09-20,09:53:00,QUEZON CITY,Ortigas Ave,UV Express,Pedestrian,Major,Rain,Wet,Reckless Driving,61.0,male,,18500.0,14.696267099246974,121.0300172775614
MMTI-2025-0275,2025-04-02,16:34:00,Marikina,C5,Taxi,Side-swipe,,Cloudy,,,61.0,male,3.0,3500.0,14.604545997241841,120.9050544282509
MMTI-2025-0276,2025-03-16,01:42:00,Quezon City,Quezon Ave,Bus,Rear-end,Fatal,RAIN,Slippery,Drunk Driving,21.0,male,1.0,98000.0,14.608234417486647,120.97173648746912
MMTI-2025-0277,2025-08-20,03:39:00,QUEZON CITY,Quezon Ave,UV Express,Pedestrian,,Rain,,Reckless Driving,62.0,Male,3.0,51500.0,14.583313247496935,121.05762230601285
MMTI-2025-0278,2025-12-17,10:35:00,Quezon City,EDSA,UV Express,Side-swipe,Major, clear,,Mechanical Failure,58.0,male,4.0,71500.0,14.64769000649957,120.93929381635212
MMTI-2025-0279,2025-04-10,09:28:00,Pasay,C5,Car,Rear-end,,Clear,,Overspeeding,45.0,male,4.0,35500.0,14.526013306023074,121.0167972115368
MMTI-2025-0280,2025-05-11,00:21:00,Valenzuela,Commonwealth Ave,Motorcycle,Rear-end,Fatal, clear,Dry,Reckless Driving,49.0,male,0.0,92500.0,14.563571801074438,120.94399240308552
MMTI-2025-0281,2025-04-05,16:04:00,manila,Commonwealth Ave,Truck,Pedestrian,,Cloudy,Dry,Traffic Violation,32.0,Female,,44000.0,14.566213307322261,120.95871487143404
MMTI-2025-0282,2025-11-13,16:30:00,QUEZON CITY,EDSA,Motorcycle,Side-swipe,,Rain,,Mechanical Failure,20.0,male,3.0,16500.0,14.57717518695681,121.00804746258852
MMTI-2025-0283,2025-05-25,00:58:00,manila,Ortigas Ave,Jeepney,Pedestrian,,Cloudy,Dry,Reckless Driving,59.0,Female,2.0,67500.0,14.5164690896097,120.91919128621727
MMTI-2025-0284,2025-10-03,17:00:00,Makati,Quezon Ave,UV Express,Rear-end,,Clear,Wet,,59.0,Male,,89500.0,14.530750915443528,120.99184504705201
MMTI-2025-0285,2025-06-19,01:05:00,Makati,EDSA,Car,Side-swipe,,Clear,,Mechanical Failure,34.0,FEMALE,3.0,59500.0,14.626043452925158,120.98660500692786
MMTI-2025-0286,2025-01-09,12:43:00,Taguig,España Blvd,Motorcycle,Pedestrian,Minor,RAIN,,Overspeeding,62.0,Male,2.0,66000.0,14.521227108373994,121.05737837953252
MMTI-2025-0287,2025-06-04,19:05:00,San Juan,Aurora Blvd,Truck,Hit and Run,Minor,Cloudy,Wet,Mechanical Failure,26.0,FEMALE,4.0,39500.0,14.692026853016086,120.9288151074917
MMTI-2025-0288,2025-12-13,23:41:00,Las Piñas,EDSA,Jeepney,Pedestrian,Major,Clear,Dry,Overspeeding,54.0,FEMALE,4.0,72000.0,14.689395877845774,120.9609382304699
MMTI-2025-0289,2025-06-26,06:26:00,manila,Commonwealth Ave,Car,Rear-end,Major, clear,Slippery,Mechanical Failure,25.0,Female,,74500.0,14.670450225553495,121.0702775444851
MMTI-2025-0290,2025-10-09,14:41:00,QUEZON CITY,C5,Bus,Collision,Fatal,Clear,Wet,,39.0,male,1.0,87500.0,14.631094596139391,120.9200090114551
MMTI-2025-0291,2025-11-14,02:57:00,Parañaque,Ortigas Ave,Truck,Hit and Run,Fatal, clear,Slippery,Drunk Driving,54.0,male,2.0,56500.0,14.533727902181196,120.96264295614687
MMTI-2025-0292,2025-04-24,22:47:00,Malabon,Roxas Blvd,Taxi,Side-swipe,Major,RAIN,Slippery,,47.0,FEMALE,2.0,41000.0,14.597394276487337,120.92176652725901
MMTI-2025-0293,2025-11-27,19:05:00,Mandaluyong,Commonwealth Ave,Jeepney,Rear-end,Fatal,RAIN,Dry,Distracted Driving,19.0,Male,4.0,76000.0,14.581026893510224,121.01800726236814
MMTI-2025-0294,2025-01-19,17:16:00,QUEZON CITY,España Blvd,Truck,Rear-end,Fatal,Cloudy,Wet,Reckless Driving,26.0,FEMALE,4.0,67000.0,14.518110804851034,120.97277311161484
MMTI-2025-0295,2025-01-06,21:15:00, Pasig,Commonwealth Ave,Taxi,Pedestrian,Major,Cloudy,Wet,Drunk Driving,54.0,Female,,95500.0,14.596700683145485,120.97175910776917
MMTI-2025-0296,2025-04-23,15:14:00,Makati,Roxas Blvd,Bus,Rear-end,Minor,RAIN,Wet,Traffic Violation,42.0,FEMALE,3.0,7500.0,14.50798093971698,121.02970494974267
MMTI-2025-0297,2025-02-22,22:33:00,Mandaluyong,Roxas Blvd,Jeepney,Pedestrian,,Rain,,,41.0,Male,4.0,34000.0,14.57526575620871,121.08144848528937
MMTI-2025-0298,2025-09-22,12:22:00,Las Piñas,Aurora Blvd,Taxi,Hit and Run,,Clear,,Drunk Driving,46.0,Female,1.0,11500.0,14.602908254628595,120.95616190166999
MMTI-2025-0299,2025-03-18,05:10:00,Las Piñas,Katipunan Ave,UV Express,Collision,Major,Cloudy,Slippery,Distracted Driving,48.0,FEMALE,3.0,28500.0,14.618158179761837,121.02945184682811
MMTI-2025-0300,2025-07-30,00:15:00,Quezon City,Commonwealth Ave,Jeepney,Pedestrian,Major,Rain,,Overspeeding,54.0,Female,0.0,23000.0,14.551651929203341,120.93600750791526
MMTI-2025-0301,2025-07-27,19:36:00,Manila,Roxas Blvd,Motorcycle,Rear-end,, clear,,,28.0,Female,3.0,78500.0,14.528542427412594,121.01652922752568
MMTI-2025-0302,2025-04-04,19:42:00,manila,Roxas Blvd,Car,Side-swipe,, clear,,Distracted Driving,32.0,FEMALE,3.0,18500.0,14.521714022780303,120.94046970981763
MMTI-2025-0303,2025-09-16,21:26:00,Pasig,Katipunan Ave,Motorcycle,Rear-end,, clear,,Overspeeding,68.0,Male,0.0,63500.0,14.631878522232665,121.08039695114415
MMTI-2025-0304,2025-10-04,00:57:00,Malabon,España Blvd,Truck,Side-swipe,Minor,RAIN,,,32.0,FEMALE,3.0,46500.0,14.617809617228241,121.04827880845646
MMTI-2025-0305,2025-12-23,18:06:00,Malabon,Commonwealth Ave,Bus,Hit and Run,Major,Clear,Slippery,,34.0,Female,0.0,92500.0,14.648729136272404,120.90142281588612
MMTI-2025-0306,2025-09-25,03:33:00,Manila,Taft Ave,UV Express,Rear-end,Fatal,Cloudy,Slippery,Distracted Driving,27.0,FEMALE,,76500.0,14.550726545246397,121.0709953852536
MMTI-2025-0307,2025-08-05,18:23:00, Pasig,Roxas Blvd,UV Express,Hit and Run,Major,Cloudy,,,29.0,male,4.0,73000.0,14.596752031525638,121.097701652805
MMTI-2025-0308,2025-10-23,11:49:00,Navotas,Commonwealth Ave,Taxi,Collision,Major,Cloudy,Wet,Distracted Driving,31.0,FEMALE,2.0,72000.0,14.622805073405887,121.0369128893417
MMTI-2025-0309,2025-01-27,05:24:00,Manila,C5,Taxi,Rear-end,, clear,,Distracted Driving,22.0,male,1.0,49000.0,14.51600794733916,120.90755106765702
MMTI-2025-0310,2025-07-16,12:39:00,manila,Roxas Blvd,UV Express,Pedestrian,Minor,Rain,,,18.0,Female,,68000.0,14.557201302341738,120.90672187027926
MMTI-2025-0311,2025-11-03,16:33:00,Caloocan,Katipunan Ave,Car,Collision,Fatal,Rain,Dry,Drunk Driving,23.0,male,3.0,47000.0,14.63393240927926,120.98109019337011
MMTI-2025-0312,2025-04-13,16:00:00,Makati,C5,Jeepney,Side-swipe,, clear,Slippery,Traffic Violation,,male,1.0,79500.0,14.692611427895017,120.99095180173177
MMTI-2025-0313,2025-07-26,18:00:00,Mandaluyong,Commonwealth Ave,Truck,Pedestrian,Minor, clear,Dry,Reckless Driving,39.0,Male,4.0,34500.0,14.675222609248614,121.06262946992128
MMTI-2025-0314,2025-10-22,08:44:00,Valenzuela,Taft Ave,Jeepney,Hit and Run,Major,Storm,,,55.0,Male,3.0,16500.0,14.55156395296388,120.97653464918385
MMTI-2025-0315,2025-04-23,21:44:00,Caloocan,Ortigas Ave,Truck,Side-swipe,, clear,Dry,Reckless Driving,33.0,male,0.0,53000.0,14.634739583356362,121.06421493789851
MMTI-2025-0316,2025-02-08,17:59:00,Pasay,Aurora Blvd,Bus,Side-swipe,Major, clear,Slippery,Drunk Driving,65.0,Female,3.0,96000.0,14.539933307818862,121.04708581304857
MMTI-2025-0317,2025-05-16,06:14:00,Parañaque,Quezon Ave,Taxi,Pedestrian,Fatal,Rain,Dry,Distracted Driving,23.0,FEMALE,4.0,2500.0,14.652848842527105,121.00829479092062
MMTI-2025-0318,2025-01-22,15:23:00, Pasig,Ortigas Ave,Truck,Pedestrian,Fatal,Cloudy,Wet,Reckless Driving,43.0,Female,4.0,18000.0,14.510829634257757,121.059853983556
MMTI-2025-0319,2025-09-02,17:02:00,manila,Ortigas Ave,Truck,Rear-end,,Clear,,,38.0,Male,0.0,88000.0,14.54215047714029,121.0162016437959
MMTI-2025-0320,2025-06-16,11:39:00,Mandaluyong,Commonwealth Ave,Jeepney,Side-swipe,Major,Storm,,Traffic Violation,41.0,Female,3.0,56000.0,14.54210649642213,121.04014252536327
MMTI-2025-0321,2025-07-10,11:54:00,Navotas,Roxas Blvd,Truck,Rear-end,,Rain,,Mechanical Failure,,Male,,36500.0,14.660817516201444,121.01106800948415
MMTI-2025-0322,2025-07-15,06:09:00,Pasig,Aurora Blvd,Taxi,Collision,Major,Cloudy,,Drunk Driving,58.0,male,3.0,40000.0,14.55019480669817,121.07170039648986
MMTI-2025-0323,2025-01-25,12:06:00,Pasay,EDSA,Car,Side-swipe,,RAIN,Dry,,65.0,male,2.0,48000.0,14.572061316013858,121.0114982976494
MMTI-2025-0324,2025-05-12,11:01:00,Malabon,C5,Bus,Pedestrian,Major, clear,,Drunk Driving,67.0,male,2.0,43500.0,14.63463856802947,120.99749874886088
MMTI-2025-0325,2025-08-17,02:24:00, Pasig,Roxas Blvd,Truck,Rear-end,Major,RAIN,Slippery,,58.0,FEMALE,0.0,12000.0,14.532399897789396,120.94564358787758
MMTI-2025-0326,2025-06-12,20:18:00,Mandaluyong,Katipunan Ave,UV Express,Hit and Run,Fatal,Cloudy,Slippery,,44.0,Female,1.0,4500.0,14.5250079821464,120.9469254384369
MMTI-2025-0327,2025-05-09,23:44:00,Makati,Quezon Ave,Car,Hit and Run,Minor,Clear,Dry,,53.0,Male,0.0,-5000.0,14.579402504152034,121.05299927442672
MMTI-2025-0328,2025-02-12,03:16:00, Pasig,Commonwealth Ave,Motorcycle,Hit and Run,Fatal,Rain,Wet,Reckless Driving,46.0,Female,1.0,69000.0,14.667703555778575,120.905714258604
MMTI-2025-0329,2025-12-06,11:55:00,Marikina,Aurora Blvd,Truck,Pedestrian,Fatal, clear,,Drunk Driving,62.0,Female,4.0,78000.0,14.591308684097301,121.04978232031443
MMTI-2025-0330,2025-10-16,13:33:00,QUEZON CITY,Roxas Blvd,Bus,Hit and Run,,Rain,Dry,,37.0,male,3.0,35000.0,14.531143507813772,120.90211116373553
MMTI-2025-0331,2025-09-25,04:22:00,San Juan,Aurora Blvd,Jeepney,Collision,,Cloudy,Slippery,Overspeeding,67.0,FEMALE,2.0,78000.0,14.546243078703831,120.90144359700116
MMTI-2025-0332,2025-07-11,06:26:00,QUEZON CITY,Taft Ave,Truck,Rear-end,Major,RAIN,,,32.0,male,0.0,56000.0,14.625064602851214,121.00332201237163
MMTI-2025-0333,2025-11-10,22:43:00,Mandaluyong,Roxas Blvd,UV Express,Pedestrian,Fatal,Cloudy,Wet,Distracted Driving,29.0,Female,2.0,16000.0,14.62737854190967,121.02354588278051
MMTI-2025-0334,2025-05-20,22:39:00,Pateros,Quezon Ave,Bus,Collision,Major,Clear,,Overspeeding,29.0,Male,2.0,36000.0,14.525007840566628,120.98768332708941
MMTI-2025-0335,2025-01-05,07:05:00,Pasig,EDSA,Truck,Rear-end,Fatal,Cloudy,Slippery,,41.0,FEMALE,,6000.0,14.566049729407165,121.06870925985362
MMTI-2025-0336,2025-03-16,01:17:00,Navotas,C5,Jeepney,Hit and Run,Major,Rain,Slippery,,18.0,Male,,33500.0,14.576959579842129,121.09499444282497
MMTI-2025-0337,2025-05-07,23:02:00,Parañaque,Aurora Blvd,UV Express,Collision,,RAIN,Wet,,42.0,male,2.0,22000.0,14.62583285082614,120.90843718311895
MMTI-2025-0338,2025-10-09,16:07:00,Mandaluyong,Aurora Blvd,UV Express,Side-swipe,Major,Storm,Dry,Mechanical Failure,25.0,Female,,57500.0,14.56490269752602,120.93347207128166
MMTI-2025-0339,2025-05-22,18:07:00,Navotas,Quezon Ave,Motorcycle,Collision,,RAIN,,Drunk Driving,41.0,Male,1.0,22000.0,14.599983841317,121.03718892875112
MMTI-2025-0340,2025-06-23,20:03:00,Quezon City,Ortigas Ave,UV Express,Rear-end,,Clear,Wet,,32.0,male,4.0,84500.0,14.651339504640278,121.06110507531733
MMTI-2025-0341,2025-08-13,23:12:00,Manila,Taft Ave,Bus,Rear-end,Fatal,Clear,,,53.0,male,4.0,91000.0,14.598018399163747,121.01334034679329
MMTI-2025-0342,2025-10-06,11:20:00,Valenzuela,Roxas Blvd,Taxi,Pedestrian,,Rain,Dry,Drunk Driving,46.0,male,2.0,71000.0,14.573422541400907,120.90014396574486
MMTI-2025-0343,2025-11-23,16:24:00,Pasay,EDSA,Jeepney,Side-swipe,,Rain,Slippery,Distracted Driving,60.0,FEMALE,1.0,69000.0,14.636644836511536,121.05314681910198
MMTI-2025-0344,2025-03-20,19:18:00,Marikina,Taft Ave,UV Express,Side-swipe,Minor,Clear,,Distracted Driving,20.0,Female,1.0,6000.0,14.540415805737757,120.99707405744735
MMTI-2025-0345,2025-02-20,01:36:00,Navotas,Aurora Blvd,Jeepney,Pedestrian,,Storm,Dry,Traffic Violation,32.0,Male,0.0,28500.0,14.63114987237961,121.08568074388768
MMTI-2025-0346,2025-02-10,14:51:00,Quezon City,Ortigas Ave,Jeepney,Hit and Run,Fatal,RAIN,Dry,Reckless Driving,51.0,Male,,11000.0,14.66689129964099,120.91558707497211
MMTI-2025-0347,2025-04-21,16:06:00,Taguig,Quezon Ave,Jeepney,Hit and Run,Major,Rain,,Mechanical Failure,54.0,Female,4.0,97500.0,14.611628321431851,121.04922167525518
MMTI-2025-0348,2025-11-23,18:22:00,Valenzuela,Taft Ave,Motorcycle,Rear-end,Major, clear,,Traffic Violation,60.0,Female,4.0,78500.0,14.588602433999657,120.97046481505407
MMTI-2025-0349,2025-06-11,17:20:00,Las Piñas,Taft Ave,Taxi,Hit and Run,Fatal, clear,Wet,Mechanical Failure,42.0,male,2.0,59500.0,14.58949995779965,120.97941811233788
MMTI-2025-0350,2025-01-18,09:38:00,Manila,España Blvd,Car,Side-swipe,Minor,Storm,Wet,Mechanical Failure,38.0,Male,,37000.0,14.683822416594122,121.00225429766823
MMTI-2025-0351,2025-10-20,18:09:00,Taguig,EDSA,Truck,Side-swipe,Major,Rain,Slippery,Traffic Violation,55.0,Female,1.0,34500.0,14.662214847356532,120.91838102425709
MMTI-2025-0352,2025-07-24,18:58:00,Parañaque,C5,UV Express,Side-swipe,,Rain,,Distracted Driving,56.0,male,0.0,95500.0,14.661668234432167,120.9763092220999
MMTI-2025-0353,2025-01-29,10:22:00,Malabon,Taft Ave,Taxi,Collision,Major,RAIN,,Overspeeding,58.0,FEMALE,0.0,41000.0,14.604876670302723,120.96386330804219
MMTI-2025-0354,2025-10-17,04:20:00,manila,Quezon Ave,Car,Collision,,Cloudy,,Distracted Driving,32.0,FEMALE,2.0,52000.0,14.52960248013167,120.96723363560818
MMTI-2025-0355,2025-09-01,18:47:00,Quezon City,España Blvd,Truck,Side-swipe,Minor,Cloudy,,,67.0,Female,1.0,63500.0,14.611859235462708,120.99757221996087
MMTI-2025-0356,2025-11-30,18:12:00,QUEZON CITY,Katipunan Ave,UV Express,Pedestrian,Major,Rain,Dry,Reckless Driving,67.0,FEMALE,2.0,89500.0,14.684827616179017,120.91791892962536
MMTI-2025-0357,2025-12-10,13:27:00,Las Piñas,Ortigas Ave,Car,Side-swipe,Fatal, clear,Dry,Reckless Driving,28.0,male,4.0,58500.0,14.624636431255666,120.98809268481267
MMTI-2025-0358,2025-04-30,06:43:00,Las Piñas,Commonwealth Ave,Taxi,Collision,Minor,RAIN,Dry,Mechanical Failure,57.0,Female,2.0,3500.0,14.56865427448421,121.06085615472686
MMTI-2025-0359,2025-06-06,14:30:00,Manila,Ortigas Ave,Car,Pedestrian,Major,Rain,,Reckless Driving,53.0,FEMALE,4.0,95000.0,14.69846042564712,121.03901422872954
MMTI-2025-0360,2025-12-09,00:24:00,Makati ,España Blvd,Motorcycle,Side-swipe,Major,Clear,Slippery,Mechanical Failure,68.0,male,0.0,61500.0,14.630951574363078,120.9016668350497
MMTI-2025-0361,2025-07-18,21:17:00,Las Piñas,C5,Motorcycle,Side-swipe,,Rain,,Distracted Driving,38.0,FEMALE,4.0,70000.0,14.51760413376453,120.93977504000165
MMTI-2025-0362,2025-08-23,17:59:00,Manila,EDSA,Car,Pedestrian,Fatal,Storm,,,65.0,Female,0.0,46000.0,14.63686227105843,120.97107562664931
MMTI-2025-0363,2025-06-04,07:32:00,Mandaluyong,EDSA,UV Express,Side-swipe,,Clear,,Reckless Driving,32.0,Female,2.0,52000.0,14.631386351789923,120.91755900342747
MMTI-2025-0364,2025-07-15,16:43:00, Pasig,Quezon Ave,Truck,Rear-end,,Rain,,Reckless Driving,56.0,male,3.0,71000.0,14.526354426453645,121.03049452921536
MMTI-2025-0365,2025-10-25,17:43:00,Parañaque,Commonwealth Ave,Bus,Pedestrian,Major,Cloudy,Wet,Drunk Driving,38.0,Male,4.0,70000.0,14.689720312832952,120.92367745814344
MMTI-2025-0366,2025-06-12,04:46:00,Manila,Ortigas Ave,Truck,Hit and Run,Fatal,Cloudy,Slippery,Drunk Driving,67.0,Female,0.0,18500.0,14.536949299314914,121.0524894967466
MMTI-2025-0367,2025-11-10,19:17:00, Pasig,Katipunan Ave,Jeepney,Rear-end,,Rain,Wet,Overspeeding,40.0,Male,,63000.0,14.526817325506098,121.06922764719235
MMTI-2025-0368,2025-08-29,22:41:00,Las Piñas,Commonwealth Ave,Taxi,Hit and Run,,Cloudy,Wet,Drunk Driving,30.0,Female,0.0,54000.0,14.652907770825648,120.90300285209035
MMTI-2025-0369,2025-05-19,13:14:00,Parañaque,Quezon Ave,Motorcycle,Rear-end,, clear,,Traffic Violation,47.0,Female,3.0,53500.0,14.655242943826059,121.02158599158426
MMTI-2025-0370,2025-07-14,23:20:00,Navotas,Katipunan Ave,UV Express,Pedestrian,, clear,,Overspeeding,51.0,Male,3.0,60000.0,14.66540202033187,120.90848318320182
MMTI-2025-0371,2025-05-06,16:34:00,Navotas,EDSA,Jeepney,Hit and Run,,RAIN,Dry,Mechanical Failure,36.0,FEMALE,3.0,40500.0,14.654735402506025,120.95718291768632
MMTI-2025-0372,2025-03-27,13:18:00, Pasig,EDSA,UV Express,Pedestrian,Major,Cloudy,,Distracted Driving,64.0,Male,1.0,76500.0,14.687568491539848,121.03922282836797
MMTI-2025-0373,2025-03-11,12:26:00,Marikina,Aurora Blvd,Motorcycle,Rear-end,, clear,Wet,,23.0,male,2.0,90500.0,14.629715286056939,121.04229394912197
MMTI-2025-0374,2025-03-25,22:46:00,Taguig,C5,Motorcycle,Hit and Run,Fatal,Clear,,,64.0,Female,3.0,72000.0,14.576121401852228,121.05365206475689
MMTI-2025-0375,2025-06-21,18:55:00,Pasig,Commonwealth Ave,Taxi,Rear-end,Major,RAIN,Dry,,37.0,male,,,14.692193222710875,120.95775610748896
MMTI-2025-0376,2025-04-03,03:57:00,Pasig,Quezon Ave,Motorcycle,Pedestrian,Fatal,Clear,,,49.0,Male,4.0,65000.0,14.547575670803896,121.01777246543686
MMTI-2025-0377,2025-09-01,14:26:00,Valenzuela,C5,Jeepney,Pedestrian,Minor,Rain,,Reckless Driving,57.0,Female,0.0,25500.0,14.529651233635938,121.03065537564311
MMTI-2025-0378,2025-01-19,04:54:00,Quezon City,Katipunan Ave,Taxi,Pedestrian,Fatal,Storm,Dry,Overspeeding,24.0,FEMALE,1.0,22500.0,14.634418099052281,121.02221795120974