Incident_ID,Date,Time,City,Road_Name,Vehicle_Type,Accident_Type,Severity,Weather_Condition,Road_Condition,Cause,Driver_Age,Driver_Gender,Injury_Count,Damage_Cost_PHP,Latitude,Longitude
MMTI-2025-0379,2025-12-21,22:38:00,Makati ,España Blvd,Car,Hit and Run,,Storm,Dry,Distracted Driving,67.0,male,2.0,49000.0,14.67950595524749,121.0640529484565
MMTI-2025-0380,2025-08-07,17:04:00,San Juan,Aurora Blvd,Car,Collision,Fatal,Storm,,,51.0,Female,,28500.0,14.622410748985684,120.92186044688727
MMTI-2025-0381,2025-11-19,16:05:00,Pateros,Katipunan Ave,Taxi,Side-swipe,, clear,Slippery,Reckless Driving,51.0,male,1.0,80500.0,14.612526867533322,121.0039411600369
MMTI-2025-0382,2025-11-20,15:31:00,Pasay,Katipunan Ave,Car,Side-swipe,Major,Clear,Dry,Overspeeding,47.0,Male,,28500.0,14.659912870251102,121.09979740145003
MMTI-2025-0383,2025-07-31,01:21:00,Las Piñas,España Blvd,Taxi,Rear-end,Minor,RAIN,Wet,Reckless Driving,34.0,Male,2.0,40000.0,14.601337925419202,120.96478476787662
MMTI-2025-0384,2025-01-04,03:43:00,Marikina,Ortigas Ave,Truck,Pedestrian,,Clear,Wet,Mechanical Failure,39.0,male,,63000.0,14.683232610634715,121.0594508767658
MMTI-2025-0385,2025-11-27,04:30:00,Pasig,Aurora Blvd,Taxi,Pedestrian,Fatal,Cloudy,,Overspeeding,51.0,male,4.0,94500.0,14.635639524929974,121.01103544166071
MMTI-2025-0386,2025-01-10,06:36:00,Marikina,Ortigas Ave,Motorcycle,Rear-end,Fatal,Clear,Slippery,,58.0,Female,4.0,79500.0,14.577913254778652,121.019038373406
MMTI-2025-0387,2025-06-07,22:54:00,Marikina,EDSA,Bus,Hit and Run,Minor,Cloudy,Wet,Traffic Violation,46.0,male,1.0,69000.0,14.560463659726102,120.92244625445339
MMTI-2025-0388,2025-01-20,06:58:00,Makati,Aurora Blvd,Jeepney,Collision,, clear,Wet,Mechanical Failure,39.0,FEMALE,,69000.0,14.562071741782923,120.96546759030714
MMTI-2025-0389,2025-02-20,16:43:00,Pasig,Quezon Ave,UV Express,Collision,,Cloudy,,Distracted Driving,18.0,male,0.0,89500.0,14.669624804845881,121.0743750186072
MMTI-2025-0390,2025-06-20,14:56:00,Quezon City,C5,Jeepney,Side-swipe,Minor, clear,Slippery,Mechanical Failure,38.0,Female,1.0,38500.0,14.555329907733613,120.9638299581003
MMTI-2025-0391,2025-08-14,21:07:00,Mandaluyong,Commonwealth Ave,Car,Side-swipe,Minor,Clear,,Distracted Driving,31.0,male,4.0,42500.0,14.554210420163805,121.08865556374842
MMTI-2025-0392,2025-05-26,18:15:00,Pasay,C5,Bus,Pedestrian,Fatal, clear,,Overspeeding,26.0,Male,3.0,88000.0,14.510091202118884,120.97671992786796
MMTI-2025-0393,2025-02-14,13:25:00,Pasay,Katipunan Ave,Jeepney,Hit and Run,,Storm,Slippery,Traffic Violation,,Female,,99000.0,14.634174053086786,121.00669698577903
MMTI-2025-0394,2025-08-27,18:08:00,Makati,Aurora Blvd,Motorcycle,Hit and Run,Fatal,RAIN,,,32.0,Female,1.0,80500.0,14.551610553134772,120.97268986909401
MMTI-2025-0395,2025-04-04,22:58:00,Marikina,Ortigas Ave,Truck,Hit and Run,Minor,Clear,,Distracted Driving,40.0,FEMALE,3.0,23500.0,14.55645147378436,120.9697230884499
MMTI-2025-0396,2025-10-22,04:32:00,Taguig,Taft Ave,Taxi,Collision,Fatal, clear,Dry,Reckless Driving,52.0,FEMALE,3.0,77500.0,14.582688381133341,121.02417496777132
MMTI-2025-0397,2025-10-08,05:30:00,Navotas,C5,Bus,Rear-end,,Cloudy,,Traffic Violation,52.0,Female,1.0,86500.0,14.633921039220533,121.0478734089894
MMTI-2025-0398,2025-12-31,18:53:00,Pateros,C5,Jeepney,Pedestrian,,Storm,,Distracted Driving,,FEMALE,1.0,41000.0,14.691176689275792,120.9139215269659
MMTI-2025-0399,2025-02-25,21:52:00, Pasig,Taft Ave,Bus,Hit and Run,Minor,Clear,Wet,Drunk Driving,55.0,Male,1.0,86500.0,14.5298432863548,121.00625116421507
MMTI-2025-0400,2025-07-19,19:36:00,Valenzuela,Quezon Ave,Car,Side-swipe,Fatal, clear,Slippery,,63.0,male,0.0,76500.0,14.501623850481943,121.09728432969813
MMTI-2025-0401,2025-07-26,04:54:00,San Juan,EDSA,Bus,Pedestrian,Minor,Clear,,Traffic Violation,25.0,male,0.0,32000.0,14.586343100223276,121.01803277491669
MMTI-2025-0402,2025-11-17,10:45:00,Navotas,Taft Ave,Truck,Hit and Run,,Rain,Wet,,26.0,Female,4.0,51000.0,14.668665534145358,120.97205757772917
MMTI-2025-0403,2025-08-02,04:18:00,Pasig,Commonwealth Ave,Motorcycle,Collision,Minor,Rain,,,26.0,Male,1.0,84000.0,14.661188322925351,121.07203055241112
MMTI-2025-0404,2025-12-23,19:59:00,Malabon,Katipunan Ave,Car,Hit and Run,,Cloudy,,,42.0,male,1.0,25500.0,14.584954371459146,120.90148599829963
MMTI-2025-0405,2025-09-13,23:15:00,manila,Roxas Blvd,Truck,Pedestrian,,Storm,Dry,Overspeeding,54.0,FEMALE,,49000.0,14.522632873922987,120.99630658173821
MMTI-2025-0406,2025-12-20,02:09:00,manila,Roxas Blvd,Truck,Pedestrian,Minor, clear,,Distracted Driving,33.0,FEMALE,,96500.0,14.632747387827056,121.0337434278102
MMTI-2025-0407,2025-12-17,20:34:00,Makati ,Roxas Blvd,Jeepney,Collision,Fatal, clear,Dry,,47.0,FEMALE,4.0,95500.0,14.566302797825658,120.97058290833321
MMTI-2025-0408,2025-05-31,09:10:00,Quezon City,Katipunan Ave,UV Express,Side-swipe,,Storm,Dry,,55.0,Female,4.0,8500.0,14.631263977274843,120.95835064174071
MMTI-2025-0409,2025-11-16,00:18:00,Pateros,C5,Car,Pedestrian,Minor,Storm,Slippery,Drunk Driving,57.0,male,2.0,34500.0,14.502840602012618,120.92230988085839
MMTI-2025-0410,2025-03-31,18:47:00,Pasig,Aurora Blvd,Bus,Rear-end,Fatal,RAIN,Wet,,29.0,Male,2.0,12500.0,14.693469126738712,121.019108818373
MMTI-2025-0411,2025-03-20,15:48:00,Malabon,Taft Ave,Car,Hit and Run,Major,Rain,,Traffic Violation,21.0,male,0.0,8500.0,14.533520079350494,120.97974896054899
MMTI-2025-0412,2025-06-04,15:47:00,QUEZON CITY,Quezon Ave,Truck,Hit and Run,,Storm,Wet,,18.0,male,3.0,50500.0,14.635698681050075,121.09235254456141
MMTI-2025-0413,2025-12-16,01:06:00,QUEZON CITY,Ortigas Ave,Taxi,Hit and Run,,RAIN,Slippery,Traffic Violation,35.0,male,0.0,34500.0,14.630868656313682,120.97823075273799
MMTI-2025-0414,2025-12-12,23:15:00,Makati ,Quezon Ave,Jeepney,Side-swipe,Major,Storm,,Overspeeding,61.0,Male,0.0,3500.0,14.582249753322749,121.00505285278545
MMTI-2025-0415,2025-12-17,14:22:00,Caloocan,Roxas Blvd,Bus,Rear-end,Minor,Clear,,Distracted Driving,21.0,Female,4.0,83500.0,14.52435802624833,121.0915590675473
MMTI-2025-0416,2025-02-14,19:08:00,Navotas,Katipunan Ave,Taxi,Rear-end,Minor,RAIN,Wet,Reckless Driving,36.0,FEMALE,,11500.0,14.627756101568705,121.08453907816894
MMTI-2025-0417,2025-05-22,13:44:00,Marikina,Roxas Blvd,Car,Collision,Fatal,Clear,,,39.0,Male,2.0,35500.0,14.535585897327326,120.91387969626743
MMTI-2025-0418,2025-04-13,19:25:00,Pasay,Aurora Blvd,Motorcycle,Rear-end,,Cloudy,Wet,Distracted Driving,46.0,male,0.0,6000.0,14.514583900675792,121.01426891196898
MMTI-2025-0419,2025-05-09,14:01:00,Pateros,Commonwealth Ave,UV Express,Collision,Minor,RAIN,,Reckless Driving,27.0,male,3.0,75500.0,14.500740750901972,121.04152113041269
MMTI-2025-0420,2025-09-09,15:27:00,Navotas,C5,Jeepney,Rear-end,Minor,Cloudy,,Distracted Driving,54.0,male,2.0,89000.0,14.56056561529728,120.91103893463652
MMTI-2025-0421,2025-11-28,02:23:00,QUEZON CITY,Ortigas Ave,Motorcycle,Hit and Run,Fatal,RAIN,Wet,Drunk Driving,53.0,Male,3.0,86500.0,14.538200632183061,121.03917645572142
MMTI-2025-0422,2025-02-24,20:44:00,Las Piñas,Aurora Blvd,Motorcycle,Hit and Run,Major,Rain,Dry,Mechanical Failure,19.0,Female,3.0,51500.0,14.51259852616897,121.00811040944369
MMTI-2025-0423,2025-06-07,15:34:00,Valenzuela,EDSA,Motorcycle,Side-swipe,Minor,Storm,Dry,,25.0,Female,,87000.0,14.604623927859024,121.08801795792294
MMTI-2025-0424,2025-10-02,04:47:00,Makati ,Quezon Ave,Motorcycle,Collision,Major,Cloudy,Dry,,57.0,Male,1.0,91500.0,14.629757283822503,120.9028730409924
MMTI-2025-0425,2025-11-20,01:57:00,San Juan,C5,Truck,Pedestrian,Major, clear,Dry,Distracted Driving,25.0,FEMALE,4.0,80500.0,14.544114504848585,121.06089070618546
MMTI-2025-0426,2025-08-07,10:51:00,Navotas,Ortigas Ave,Motorcycle,Pedestrian,,Rain,Slippery,Mechanical Failure,66.0,Male,4.0,24000.0,14.567100745533738,120.92414909791037
MMTI-2025-0427,2025-03-14,13:10:00,Las Piñas,España Blvd,Car,Hit and Run,Major, clear,Dry,Drunk Driving,24.0,FEMALE,1.0,4000.0,14.67592538816775,120.91614452154391
MMTI-2025-0428,2025-01-04,05:59:00,Makati,Katipunan Ave,Bus,Hit and Run,,RAIN,Wet,Mechanical Failure,27.0,male,4.0,59500.0,14.58240626490005,121.08761792208932
MMTI-2025-0429,2025-11-09,22:02:00, Pasig,Commonwealth Ave,UV Express,Hit and Run,,Clear,Slippery,Traffic Violation,44.0,Male,4.0,32000.0,14.538380572374923,121.09732070495218
MMTI-2025-0430,2025-02-18,19:23:00,QUEZON CITY,España Blvd,Car,Hit and Run,Major,Storm,Dry,Mechanical Failure,25.0,Female,,62500.0,14.599502967560774,120.93195191870652
MMTI-2025-0431,2025-01-23,01:41:00,Las Piñas,Roxas Blvd,Car,Hit and Run,Fatal,Storm,,,20.0,Male,,8500.0,14.684972269143701,120.93517752164311
MMTI-2025-0432,2025-01-15,15:32:00,Taguig,C5,Car,Hit and Run,, clear,Slippery,,30.0,male,1.0,16000.0,14.565226444941434,120.9196128267603
MMTI-2025-0433,2025-07-31,06:24:00,Caloocan,C5,Truck,Pedestrian,,Clear,,Drunk Driving,31.0,FEMALE,1.0,51500.0,14.574697016382821,120.99154803860162
MMTI-2025-0434,2025-04-10,20:22:00,Mandaluyong,Quezon Ave,Bus,Rear-end,Minor,RAIN,,Overspeeding,35.0,Female,0.0,61500.0,14.5917157849941,120.93424026334337
MMTI-2025-0435,2025-06-25,07:56:00,San Juan,Katipunan Ave,Car,Pedestrian,Major, clear,,Mechanical Failure,23.0,FEMALE,4.0,64500.0,14.672439810627198,120.94328852086005
MMTI-2025-0436,2025-08-31,14:17:00,Manila,Taft Ave,UV Express,Rear-end,Major,Storm,,Mechanical Failure,55.0,Female,4.0,2500.0,14.583554370671784,120.90884483909616
MMTI-2025-0437,2025-08-29,23:49:00,manila,EDSA,Truck,Pedestrian,,Cloudy,Dry,,49.0,Female,0.0,73000.0,14.650615738350783,121.03863196780054
MMTI-2025-0438,2025-07-28,06:08:00,Las Piñas,Roxas Blvd,Car,Collision,Minor,Cloudy,Slippery,Drunk Driving,63.0,FEMALE,4.0,97500.0,14.616732022202632,121.09528415568894
MMTI-2025-0439,2025-08-26,04:55:00,Navotas,Commonwealth Ave,Taxi,Side-swipe,,RAIN,Dry,Distracted Driving,42.0,male,4.0,6000.0,14.559317996242497,121.05057760219245
MMTI-2025-0440,2025-12-24,19:34:00,Makati ,Quezon Ave,Taxi,Collision,,Storm,Dry,Traffic Violation,21.0,Male,3.0,48500.0,14.593070575027367,120.90817486698266
MMTI-2025-0441,2025-07-07,05:41:00,QUEZON CITY,C5,Jeepney,Rear-end,Major,Storm,Wet,Distracted Driving,59.0,FEMALE,,98000.0,14.61602387707104,121.09182074621744
MMTI-2025-0442,2025-04-18,23:48:00,Caloocan,Ortigas Ave,Bus,Side-swipe,,RAIN,,Reckless Driving,21.0,Male,2.0,46000.0,14.590482129881124,121.00029001910491
MMTI-2025-0443,2025-03-04,15:45:00,QUEZON CITY,España Blvd,Bus,Hit and Run,,Storm,Dry,Mechanical Failure,47.0,Male,0.0,52000.0,14.679589171974081,120.95767453753689
MMTI-2025-0444,2025-02-09,03:10:00,Mandaluyong,C5,UV Express,Rear-end,,Rain,Wet,Overspeeding,36.0,FEMALE,,71000.0,14.686344294446748,120.99478098354743
MMTI-2025-0445,2025-08-04,14:47:00,Manila,Roxas Blvd,Car,Collision,Minor,Rain,,Traffic Violation,44.0,male,,84500.0,14.657364872584203,120.99722967832291
MMTI-2025-0446,2025-12-07,22:33:00,QUEZON CITY,Aurora Blvd,Truck,Side-swipe,,Rain,Slippery,Drunk Driving,68.0,male,1.0,63500.0,14.574380463318116,120.95762925858759
MMTI-2025-0447,2025-01-25,04:22:00,San Juan,Aurora Blvd,Car,Pedestrian,Major,RAIN,,Reckless Driving,29.0,Female,,90500.0,14.680942229429418,121.05889145605786
MMTI-2025-0448,2025-03-24,07:07:00,Quezon City,Ortigas Ave,Jeepney,Rear-end,,Storm,Slippery,Drunk Driving,31.0,Male,,42500.0,14.695604512607824,120.92958884294767
MMTI-2025-0449,2025-08-18,17:10:00,QUEZON CITY,Roxas Blvd,Motorcycle,Collision,,Cloudy,Wet,,38.0,Female,0.0,96500.0,14.609229117595556,121.00148180623543
MMTI-2025-0450,2025-11-28,22:18:00,Pateros,Roxas Blvd,Taxi,Pedestrian,Major, clear,,Traffic Violation,62.0,Male,,63000.0,14.68003489381087,120.92788465869131
MMTI-2025-0451,2025-10-10,03:19:00,Manila,Taft Ave,Jeepney,Rear-end,,Storm,Dry,Traffic Violation,21.0,Female,4.0,69000.0,14.544428771408324,121.08713301534519
MMTI-2025-0452,2025-05-23,06:01:00,Makati,España Blvd,Taxi,Hit and Run,Minor, clear,,Mechanical Failure,49.0,male,4.0,79000.0,14.602311168526713,120.9112095235414
MMTI-2025-0453,2025-12-08,11:25:00,Pasig,Taft Ave,Bus,Hit and Run,Fatal,Clear,Slippery,Traffic Violation,40.0,male,3.0,73500.0,14.517519726180575,121.0455706713912
MMTI-2025-0454,2025-08-16,23:26:00,Valenzuela,Roxas Blvd,Car,Hit and Run,,Rain,,Distracted Driving,27.0,Female,2.0,62500.0,14.6976764855795,121.005060209314
MMTI-2025-0455,2025-06-21,02:59:00,Makati ,Taft Ave,Motorcycle,Collision,,RAIN,Slippery,,29.0,FEMALE,,74500.0,14.651048749558438,120.92738540798315
MMTI-2025-0456,2025-04-06,12:18:00,QUEZON CITY,Aurora Blvd,Motorcycle,Side-swipe,,Storm,,,32.0,Male,0.0,21500.0,14.552535404712215,121.09120531922662
MMTI-2025-0457,2025-11-22,15:07:00,San Juan,Taft Ave,Car,Hit and Run,Major,Clear,Dry,Reckless Driving,49.0,Male,4.0,97000.0,14.57235190209905,120.99609718109008
MMTI-2025-0458,2025-08-12,08:40:00,Pateros,C5,Bus,Pedestrian,,Clear,Slippery,Drunk Driving,55.0,Male,1.0,42500.0,14.592208793578024,121.03865660896227
MMTI-2025-0459,2025-07-02,05:03:00,Mandaluyong,Ortigas Ave,Truck,Side-swipe,Minor,Storm,Slippery,Distracted Driving,50.0,Female,,25000.0,14.652937875828904,121.01975249760245
MMTI-2025-0460,2025-03-27,17:20:00,Marikina,Roxas Blvd,Bus,Side-swipe,Minor, clear,,Traffic Violation,,Female,0.0,19500.0,14.60363414925548,120.9746028390211
MMTI-2025-0461,2025-09-06,13:21:00,Pasay,C5,Car,Rear-end,,Rain,Wet,Distracted Driving,44.0,FEMALE,0.0,16500.0,14.663768948810148,121.08468195053545
MMTI-2025-0462,2025-09-03,11:19:00,Las Piñas,Commonwealth Ave,Taxi,Hit and Run,, clear,Slippery,Drunk Driving,63.0,male,0.0,97000.0,14.66291482168227,120.94447156955111
MMTI-2025-0463,2025-12-22,04:44:00,Caloocan,Roxas Blvd,Car,Rear-end,Major,Clear,,Distracted Driving,22.0,Male,3.0,98500.0,14.586249494615968,120.93927019850585
MMTI-2025-0464,2025-01-17,21:32:00,Makati ,EDSA,Truck,Collision,Fatal,Clear,Dry,Reckless Driving,60.0,Male,0.0,17500.0,14.68401961416273,120.94108023731054
MMTI-2025-0465,2025-04-13,05:42:00,Las Piñas,EDSA,Motorcycle,Rear-end,Fatal, clear,Slippery,Traffic Violation,28.0,Female,4.0,74500.0,14.513667407779552,121.0639173009666
MMTI-2025-0466,2025-01-08,16:13:00,Parañaque,Roxas Blvd,Car,Pedestrian,Minor,RAIN,Dry,Mechanical Failure,50.0,FEMALE,2.0,91000.0,14.617876114227066,120.98793316583861
MMTI-2025-0467,2025-02-24,05:53:00,Las Piñas,Taft Ave,Truck,Rear-end,,Rain,,Distracted Driving,66.0,male,0.0,61500.0,14.522063232242655,120.9271824739811
MMTI-2025-0468,2025-07-04,22:18:00,QUEZON CITY,EDSA,Motorcycle,Side-swipe,,Clear,,Reckless Driving,47.0,male,,58500.0,14.545174685945982,120.98145644410043
MMTI-2025-0469,2025-08-08,06:54:00,Makati,Aurora Blvd,UV Express,Side-swipe,Major,Clear,,Distracted Driving,43.0,FEMALE,4.0,86000.0,14.63530373287947,120.9238435687771
MMTI-2025-0470,2025-07-22,12:44:00,Makati ,C5,UV Express,Rear-end,Minor,Storm,Wet,Traffic Violation,30.0,FEMALE,0.0,31500.0,14.667621826268292,121.04504010006653
MMTI-2025-0471,2025-05-23,22:49:00,Makati ,Katipunan Ave,Bus,Hit and Run,Fatal,Cloudy,,,49.0,male,1.0,,14.590926948350722,120.92443801201983
MMTI-2025-0472,2025-09-08,15:14:00,Pasig,EDSA,Motorcycle,Collision,Minor,Cloudy,Dry,Drunk Driving,42.0,male,1.0,40500.0,14.624393352304745,120.91926672571924
MMTI-2025-0473,2025-02-09,21:48:00,manila,Aurora Blvd,Taxi,Hit and Run,Major,Storm,,,50.0,male,4.0,45500.0,14.661896319478261,121.00810579739007
MMTI-2025-0474,2025-01-10,01:27:00,Taguig,Taft Ave,Truck,Side-swipe,,Cloudy,,Overspeeding,20.0,Female,4.0,86000.0,14.672072140543733,120.9606089143227
MMTI-2025-0475,2025-12-28,05:31:00,Malabon,Commonwealth Ave,Bus,Hit and Run,,Clear,,,60.0,FEMALE,3.0,73500.0,14.670870293909775,121.00133700975141
MMTI-2025-0476,2025-07-20,08:31:00,Makati ,Taft Ave,Jeepney,Side-swipe,Fatal,Storm,Dry,Overspeeding,55.0,Male,1.0,48500.0,14.569775357558658,121.04841142681833
MMTI-2025-0477,2025-01-14,20:21:00,Navotas,C5,Truck,Side-swipe,Fatal,Cloudy,Slippery,Overspeeding,60.0,Female,1.0,32000.0,14.629616564977317,121.0185063333585
MMTI-2025-0478,2025-12-19,02:55:00,San Juan,C5,Bus,Rear-end,Minor, clear,Slippery,Overspeeding,47.0,FEMALE,4.0,67500.0,14.68028196904238,120.95332377705039
MMTI-2025-0479,2025-12-23,15:37:00,Manila,Ortigas Ave,Truck,Pedestrian,,Storm,,Distracted Driving,69.0,FEMALE,0.0,90000.0,14.635022259065373,120.9671934924971
MMTI-2025-0480,2025-09-15,21:21:00,Pasay,Katipunan Ave,Bus,Side-swipe,,Rain,,Distracted Driving,52.0,Female,2.0,35500.0,14.509506272222579,121.0992455386721
MMTI-2025-0481,2025-07-25,07:39:00,Makati,Katipunan Ave,Motorcycle,Pedestrian,Fatal,Storm,Dry,,45.0,Female,2.0,11500.0,14.63030736271104,120.96036940292215
MMTI-2025-0482,2025-06-03,13:42:00,QUEZON CITY,Ortigas Ave,Car,Hit and Run,,Storm,,,60.0,Female,0.0,82000.0,14.640666329139805,121.07254196135185
MMTI-2025-0483,2025-10-23,15:13:00,Valenzuela,Roxas Blvd,UV Express,Pedestrian,,Cloudy,,Overspeeding,51.0,Female,2.0,61000.0,14.529548737764916,120.93009453080063
MMTI-2025-0484,2025-12-17,09:54:00,Malabon,Taft Ave,Bus,Collision,Major,Cloudy,Slippery,Reckless Driving,59.0,Female,2.0,89500.0,14.620246453935101,120.98117318784965
MMTI-2025-0485,2025-02-28,04:12:00,Manila,Quezon Ave,Taxi,Side-swipe,,Cloudy,,,45.0,Male,1.0,22000.0,14.554542392695591,120.90582837351918
MMTI-2025-0486,2025-05-23,21:35:00,Pasay,EDSA,UV Express,Hit and Run,Minor,Clear,Dry,Traffic Violation,56.0,male,0.0,54000.0,14.679354648833623,121.03433441468691
MMTI-2025-0487,2025-02-16,12:53:00,Pasig,Quezon Ave,Motorcycle,Pedestrian,,Clear,,Reckless Driving,49.0,Male,1.0,78500.0,14.524455366690741,121.06133744912358
MMTI-2025-0488,2025-06-18,18:47:00,Navotas,Quezon Ave,Truck,Rear-end,Major,Clear,Wet,Mechanical Failure,35.0,FEMALE,3.0,34500.0,14.672579986735405,120.9111850805437
MMTI-2025-0489,2025-10-01,11:44:00,Taguig,Ortigas Ave,Jeepney,Hit and Run,,RAIN,Wet,Reckless Driving,68.0,Female,2.0,62500.0,14.643134245824426,121.0642730732384
MMTI-2025-0490,2025-01-11,20:57:00, Pasig,EDSA,Taxi,Collision,Major,Storm,,,37.0,male,,17500.0,14.606982138554681,120.94727637895592
MMTI-2025-0491,2025-08-15,12:00:00,Navotas,Roxas Blvd,Bus,Collision,Major,Storm,Wet,Drunk Driving,46.0,male,,54000.0,14.657863479903163,120.954807305137
MMTI-2025-0492,2025-02-11,15:30:00,Malabon,Ortigas Ave,UV Express,Hit and Run,Minor,Rain,Slippery,Distracted Driving,40.0,FEMALE,4.0,95000.0,14.66268560968001,121.04755710412081
MMTI-2025-0493,2025-08-21,22:01:00,Quezon City,Commonwealth Ave,UV Express,Hit and Run,Major,Clear,,Mechanical Failure,58.0,male,2.0,75500.0,14.516446410284681,120.93156448788882
MMTI-2025-0494,2025-09-22,22:49:00,Pasig,Katipunan Ave,UV Express,Hit and Run,Fatal,Cloudy,,Drunk Driving,34.0,Female,,77500.0,14.665353721868367,121.05990573358804
MMTI-2025-0495,2025-04-12,02:26:00,Las Piñas,Commonwealth Ave,Truck,Hit and Run,,Rain,Dry,Overspeeding,53.0,Female,0.0,61000.0,14.53965324053434,121.04025223084068
MMTI-2025-0496,2025-03-28,01:25:00, Pasig,Taft Ave,Jeepney,Side-swipe,Major,Clear,Slippery,Drunk Driving,54.0,Male,0.0,93500.0,14.60516754006618,121.05467186409234
MMTI-2025-0497,2025-08-21,21:31:00,Taguig,Quezon Ave,UV Express,Rear-end,Major,Storm,Slippery,,42.0,Female,3.0,28000.0,14.620016557299445,121.09904148999466
MMTI-2025-0498,2025-05-25,23:43:00,Parañaque,Taft Ave,Car,Hit and Run,Major,Clear,Slippery,Reckless Driving,33.0,FEMALE,1.0,49000.0,14.616580615467232,121.02944711366023
MMTI-2025-0499,2025-02-13,00:30:00,Pasig,Ortigas Ave,UV Express,Hit and Run,Major,RAIN,,,65.0,male,0.0,14000.0,14.611399994878102,120.91042252232562
MMTI-2025-0500,2025-05-01,15:58:00,Las Piñas,Katipunan Ave,UV Express,Pedestrian,Minor,Clear,Slippery,,37.0,FEMALE,,49000.0,14.526447650742616,121.07844518953497
MMTI-2025-0501,2025-01-22,18:11:00,Mandaluyong,Commonwealth Ave,Jeepney,Hit and Run,Fatal,Cloudy,Wet,Distracted Driving,38.0,FEMALE,1.0,35000.0,14.523368411232934,120.90883243229764
MMTI-2025-0502,2025-03-07,15:55:00,Mandaluyong,Ortigas Ave,Truck,Side-swipe,Fatal, clear,Slippery,Traffic Violation,45.0,Female,2.0,96000.0,14.69891301317703,121.05273508273073
MMTI-2025-0503,2025-03-19,17:54:00,Valenzuela,EDSA,Car,Rear-end,Minor,Rain,Wet,Overspeeding,48.0,male,1.0,92000.0,14.593426567966386,120.92320480942011
MMTI-2025-0504,2025-09-11,01:28:00,Las Piñas,España Blvd,Truck,Hit and Run,,Clear,Wet,Distracted Driving,40.0,Male,1.0,38000.0,14.53613099282228,120.93365900032214