Incident_ID,Date,Time,City,Road_Name,Vehicle_Type,Accident_Type,Severity,Weather_Condition,Road_Condition,Cause,Driver_Age,Driver_Gender,Injury_Count,Damage_Cost_PHP,Latitude,Longitude
MMTI-2025-0505,2025-09-18,08:36:00,Makati ,Quezon Ave,Jeepney,Collision,, clear,Wet,,22.0,Female,3.0,88500.0,14.518861044775498,120.96573155526215
MMTI-2025-0506,2025-05-26,21:43:00,Taguig,Taft Ave,Bus,Pedestrian,Minor,Storm,Wet,Overspeeding,23.0,FEMALE,,86000.0,14.595971018752538,121.02567134790898
MMTI-2025-0507,2025-05-18,19:42:00,Manila,Ortigas Ave,Motorcycle,Pedestrian,,Storm,,Drunk Driving,31.0,Male,,38000.0,14.564634169337372,120.91110700479716
MMTI-2025-0508,2025-02-06,17:38:00,Navotas,C5,Truck,Side-swipe,Major,Rain,,Distracted Driving,19.0,Female,1.0,51500.0,14.655898509029145,120.9569871777999
MMTI-2025-0509,2025-12-01,04:07:00,San Juan,Aurora Blvd,Taxi,Hit and Run,Fatal,RAIN,,Drunk Driving,40.0,Male,2.0,67500.0,14.539974252119098,120.98908848298403
MMTI-2025-0510,2025-07-18,15:17:00,Makati ,Katipunan Ave,Truck,Collision,,Storm,,Drunk Driving,45.0,FEMALE,0.0,7000.0,14.602668291839578,121.09465435812403
MMTI-2025-0511,2025-12-13,07:41:00,Pasig,Aurora Blvd,Jeepney,Pedestrian,Minor,Storm,,,23.0,FEMALE,2.0,21000.0,14.696837246608421,121.03686278745965
MMTI-2025-0512,2025-06-03,07:33:00,Malabon,Roxas Blvd,Jeepney,Collision,,Clear,Dry,Distracted Driving,50.0,FEMALE,3.0,14000.0,14.592931298406207,121.04406199987007
MMTI-2025-0513,2025-05-10,11:16:00,Makati ,C5,Taxi,Pedestrian,Minor,Clear,,Drunk Driving,68.0,Female,3.0,7500.0,14.516658113026994,121.0753510694271
MMTI-2025-0514,2025-06-02,10:37:00,Valenzuela,Aurora Blvd,Jeepney,Side-swipe,Fatal,Rain,Wet,Drunk Driving,23.0,male,,15500.0,14.586759784123862,120.90358304382242
MMTI-2025-0515,2025-07-22,03:00:00,Pasay,Aurora Blvd,Truck,Hit and Run,,RAIN,,Reckless Driving,57.0,male,,88000.0,14.692628322080214,121.03502045779675
MMTI-2025-0516,2025-06-04,02:08:00,Pasig,EDSA,Car,Collision,Minor,RAIN,Wet,Overspeeding,31.0,FEMALE,,20500.0,14.629947965207368,120.9871576947601
MMTI-2025-0517,2025-11-17,17:12:00,Makati,Roxas Blvd,Taxi,Hit and Run,Major,Cloudy,,Overspeeding,25.0,Female,1.0,96500.0,14.640519621141651,121.09277337414778
MMTI-2025-0518,2025-08-30,00:55:00,Valenzuela,Katipunan Ave,Car,Rear-end,Fatal, clear,,Overspeeding,39.0,Male,0.0,82500.0,14.669525906016071,120.98635759052559
MMTI-2025-0519,2025-08-01,15:47:00,Makati ,Katipunan Ave,UV Express,Pedestrian,Fatal,Clear,,,49.0,FEMALE,1.0,93000.0,14.51214093644665,120.9038039318055
MMTI-2025-0520,2025-10-23,10:35:00,Makati,Roxas Blvd,UV Express,Hit and Run,,Clear,,Traffic Violation,46.0,FEMALE,0.0,22500.0,14.557602156290724,120.93844025950021
MMTI-2025-0521,2025-06-26,14:14:00,manila,Quezon Ave,Jeepney,Side-swipe,,RAIN,,Drunk Driving,36.0,FEMALE,3.0,88000.0,14.63050003757266,120.9720511135399
MMTI-2025-0522,2025-08-30,05:39:00,Parañaque,Roxas Blvd,UV Express,Collision,,Rain,Wet,Mechanical Failure,28.0,FEMALE,0.0,55000.0,14.688610939672243,120.99874501571604
MMTI-2025-0523,2025-05-01,06:35:00,Quezon City,EDSA,Bus,Side-swipe,Fatal,RAIN,Wet,Drunk Driving,,Male,0.0,45000.0,14.586124092510296,121.02351258430882
MMTI-2025-0524,2025-03-03,17:14:00,Pateros,Roxas Blvd,Bus,Side-swipe,Minor, clear,Slippery,Drunk Driving,62.0,Male,,8000.0,14.68532641969065,120.98756534129231
MMTI-2025-0525,2025-08-23,03:06:00, Pasig,Katipunan Ave,Taxi,Collision,,Clear,,Distracted Driving,28.0,Male,1.0,48000.0,14.53140650947146,120.95842459754373
MMTI-2025-0526,2025-08-15,16:31:00,Taguig,Commonwealth Ave,UV Express,Side-swipe,Fatal,Rain,Dry,Mechanical Failure,46.0,FEMALE,0.0,33000.0,14.666962673975744,120.99473266652424
MMTI-2025-0527,2025-05-27,16:10:00,Makati,Roxas Blvd,Bus,Hit and Run,Fatal,RAIN,Wet,Drunk Driving,66.0,FEMALE,1.0,19500.0,14.660353735728298,120.98268188374941
MMTI-2025-0528,2025-07-29,14:54:00,manila,Ortigas Ave,Motorcycle,Hit and Run,Major,Clear,,Distracted Driving,23.0,male,2.0,53000.0,14.696388984877427,120.93286493634295
MMTI-2025-0529,2025-02-01,12:48:00,Quezon City,Commonwealth Ave,Jeepney,Collision,,Storm,,,61.0,male,,97000.0,14.562739047272848,120.96883147211061
MMTI-2025-0530,2025-05-24,16:39:00,Pasig,Taft Ave,Truck,Rear-end,, clear,,,62.0,male,,53500.0,14.655080066915296,121.07619493648639
MMTI-2025-0531,2025-02-13,01:34:00,Marikina,Taft Ave,UV Express,Rear-end,, clear,Slippery,Mechanical Failure,23.0,male,4.0,45500.0,14.651409264856108,120.93200546804582
MMTI-2025-0532,2025-01-15,17:37:00,Mandaluyong,Quezon Ave,Taxi,Side-swipe,, clear,Dry,Overspeeding,41.0,male,,66500.0,14.570894669180829,120.90954657458747
MMTI-2025-0533,2025-11-30,03:28:00,San Juan,Katipunan Ave,UV Express,Collision,,Storm,Wet,Mechanical Failure,40.0,male,2.0,87000.0,14.65695785256487,121.04297089364047
MMTI-2025-0534,2025-12-11,04:45:00,Navotas,España Blvd,UV Express,Rear-end,Minor,Storm,,Mechanical Failure,,male,3.0,14500.0,14.529310650693834,120.98513842646545
MMTI-2025-0535,2025-07-30,02:05:00,Quezon City,Taft Ave,Car,Hit and Run,Major,Cloudy,Dry,Traffic Violation,61.0,FEMALE,4.0,73500.0,14.60378899988357,120.97895649503472
MMTI-2025-0536,2025-05-16,18:31:00,Malabon,Aurora Blvd,UV Express,Hit and Run,,Rain,Wet,Drunk Driving,49.0,FEMALE,1.0,92000.0,14.602637097035753,121.00582822131821
MMTI-2025-0537,2025-12-22,06:29:00,Pateros,EDSA,UV Express,Rear-end,,Storm,Dry,,25.0,Male,2.0,75000.0,14.557918115020218,121.00455549978213
MMTI-2025-0538,2025-03-02,11:19:00,Las Piñas,Roxas Blvd,Bus,Hit and Run,Minor,Rain,Wet,,21.0,male,2.0,29500.0,14.536615426568874,121.0479320652616
MMTI-2025-0539,2025-01-02,03:35:00,Las Piñas,C5,Taxi,Collision,,Cloudy,,Reckless Driving,54.0,FEMALE,2.0,50000.0,14.595045509687752,121.04400669907582
MMTI-2025-0540,2025-11-07,04:48:00,Pasig,España Blvd,UV Express,Hit and Run,,RAIN,,Drunk Driving,64.0,male,0.0,81500.0,14.632900462483748,120.98192566541915
MMTI-2025-0541,2025-04-30,12:21:00,QUEZON CITY,EDSA,UV Express,Hit and Run,Fatal,RAIN,Dry,Drunk Driving,63.0,Male,4.0,82500.0,14.65923175628721,121.04147976980933
MMTI-2025-0542,2025-10-15,20:07:00,QUEZON CITY,C5,Car,Pedestrian,, clear,Dry,Mechanical Failure,66.0,FEMALE,4.0,4000.0,14.524056635287783,121.08723636199812
MMTI-2025-0543,2025-04-03,00:17:00,Parañaque,Quezon Ave,Taxi,Pedestrian,,Clear,,Traffic Violation,43.0,Male,3.0,4500.0,14.567991311009255,120.93610160114608
MMTI-2025-0544,2025-01-13,16:20:00,Navotas,Roxas Blvd,Motorcycle,Collision,Minor, clear,Wet,Reckless Driving,27.0,Female,2.0,,14.517925712696057,120.96135884367253
MMTI-2025-0545,2025-07-28,21:10:00,Quezon City,Katipunan Ave,Bus,Rear-end,Minor,RAIN,Dry,Reckless Driving,42.0,Male,2.0,20000.0,14.582564562399702,120.96484355815937
MMTI-2025-0546,2025-07-12,03:03:00,Parañaque,Quezon Ave,Taxi,Pedestrian,,Rain,,,25.0,male,0.0,42500.0,14.592964706649067,120.98141529271821
MMTI-2025-0547,2025-09-05,00:26:00,Caloocan,EDSA,Bus,Pedestrian,,RAIN,Dry,Mechanical Failure,66.0,Female,2.0,74500.0,14.581349184283587,120.91678167111617
MMTI-2025-0548,2025-11-22,16:13:00,Pasig,Ortigas Ave,Jeepney,Rear-end,Major, clear,,,20.0,Male,3.0,81000.0,14.557849890966802,121.0944163608065
MMTI-2025-0549,2025-01-01,01:59:00,Pateros,Roxas Blvd,Jeepney,Side-swipe,,Storm,Wet,Reckless Driving,20.0,Female,,70000.0,14.612616315588259,120.96012766970652
MMTI-2025-0550,2025-07-22,22:07:00,Pasig,España Blvd,Bus,Hit and Run,Major, clear,,Traffic Violation,61.0,male,,35000.0,14.695928069580635,121.04155081876029
MMTI-2025-0551,2025-05-20,07:42:00,Marikina,Ortigas Ave,Car,Hit and Run,,Storm,Dry,Drunk Driving,59.0,Male,4.0,62500.0,14.500855849536427,120.9019157225977
MMTI-2025-0552,2025-03-30,13:35:00,Pateros,Taft Ave,Jeepney,Collision,Minor, clear,Dry,,61.0,Male,2.0,50000.0,14.66549336701827,120.97159314809257
MMTI-2025-0553,2025-04-01,22:00:00,Taguig,Aurora Blvd,Bus,Rear-end,,Clear,Wet,Overspeeding,66.0,male,,92500.0,14.571564203786123,120.91799330385966
MMTI-2025-0554,2025-11-11,20:19:00,Caloocan,Quezon Ave,Truck,Side-swipe,Minor,Storm,,Mechanical Failure,18.0,Female,,52500.0,14.522189305528874,120.95546951080725
MMTI-2025-0555,2025-09-14,15:10:00,QUEZON CITY,Quezon Ave,UV Express,Pedestrian,, clear,Wet,Distracted Driving,55.0,Female,,10000.0,14.525486182063258,121.08671268011615
MMTI-2025-0556,2025-04-27,16:46:00,Mandaluyong,Quezon Ave,Taxi,Collision,, clear,Slippery,,18.0,FEMALE,,88000.0,14.688614844754383,120.91037255950847
MMTI-2025-0557,2025-06-15,13:54:00,Malabon,Roxas Blvd,Motorcycle,Pedestrian,,Cloudy,Slippery,Overspeeding,64.0,Female,0.0,37500.0,14.68367829832444,121.00648205645213
MMTI-2025-0558,2025-06-11,00:25:00,Parañaque,Ortigas Ave,Motorcycle,Pedestrian,Minor,RAIN,Wet,,22.0,Female,1.0,23000.0,14.565844926701196,120.91256882492601
MMTI-2025-0559,2025-11-17,03:01:00,Pateros,Taft Ave,Taxi,Collision,,RAIN,Slippery,Reckless Driving,33.0,Male,3.0,32500.0,14.691760531575683,121.06650350250965
MMTI-2025-0560,2025-06-20,16:50:00,Caloocan,C5,Taxi,Pedestrian,,Cloudy,Dry,,55.0,Male,0.0,9500.0,14.683342875589943,120.97547902660561
MMTI-2025-0561,2025-12-22,02:50:00,Pasig,EDSA,Taxi,Hit and Run,Minor,Storm,,,22.0,Male,,9000.0,14.611851610321109,120.95898335404684
MMTI-2025-0562,2025-07-15,12:06:00, Pasig,Taft Ave,Car,Pedestrian,,Clear,,,47.0,FEMALE,4.0,81000.0,14.520255585520887,121.03018428524969
MMTI-2025-0563,2025-12-12,00:29:00,manila,Ortigas Ave,Jeepney,Rear-end,Minor,Clear,Dry,Distracted Driving,55.0,Female,4.0,18000.0,14.62747274713054,120.9512572204402
MMTI-2025-0564,2025-08-04,15:46:00, Pasig,Aurora Blvd,Car,Rear-end,Major,Clear,Dry,Drunk Driving,37.0,FEMALE,4.0,85000.0,14.650874727007364,120.96223764804553
MMTI-2025-0565,2025-10-05,04:09:00,Pateros,Roxas Blvd,Jeepney,Side-swipe,Fatal,Storm,Dry,Drunk Driving,21.0,Female,4.0,73500.0,14.671740441105674,120.98441222808334
MMTI-2025-0566,2025-04-11,06:40:00,Parañaque,C5,Bus,Rear-end,,RAIN,,Traffic Violation,55.0,male,4.0,40000.0,14.583739057672947,120.93245599732526
MMTI-2025-0567,2025-08-21,01:31:00,Caloocan,EDSA,UV Express,Rear-end,Major,Cloudy,,Mechanical Failure,33.0,FEMALE,,,14.690517645798106,120.96630302191865
MMTI-2025-0568,2025-07-12,06:25:00,Pasay,EDSA,Bus,Collision,Minor,Storm,Dry,Distracted Driving,27.0,male,3.0,26500.0,14.626266915478835,121.08254175300232
MMTI-2025-0569,2025-07-04,01:01:00,Parañaque,Quezon Ave,Bus,Rear-end,Major,Storm,Wet,Traffic Violation,53.0,Female,1.0,27000.0,14.50429840561163,121.06857628414302
MMTI-2025-0570,2025-02-21,00:53:00,Pasig,Taft Ave,UV Express,Collision,Fatal,Rain,Slippery,,33.0,male,2.0,86500.0,14.5342719613629,121.00538534816668
MMTI-2025-0571,2025-11-16,13:56:00,Makati,C5,Car,Rear-end,Major,Rain,,,62.0,male,2.0,78500.0,14.58590803291944,121.02722858972035
MMTI-2025-0572,2025-01-24,19:37:00,Parañaque,España Blvd,Bus,Rear-end,Fatal,Rain,Dry,Reckless Driving,26.0,FEMALE,1.0,95000.0,14.51628154037098,120.99413345872014
MMTI-2025-0573,2025-12-06,19:04:00,Pasay,España Blvd,Truck,Pedestrian,Fatal,Cloudy,,,29.0,male,,49500.0,14.605095134220287,120.99665941106626
MMTI-2025-0574,2025-09-11,15:17:00,Makati ,Taft Ave,UV Express,Pedestrian,Minor,Rain,Wet,Mechanical Failure,46.0,Female,3.0,29500.0,14.561199807263945,121.07774178590937
MMTI-2025-0575,2025-10-20,05:59:00,Las Piñas,Roxas Blvd,Jeepney,Collision,Major,Clear,Slippery,,51.0,male,1.0,76500.0,14.508228584327181,121.00245241764357
MMTI-2025-0576,2025-06-22,13:28:00,Valenzuela,Taft Ave,Truck,Side-swipe,,Storm,Slippery,,19.0,Female,3.0,31500.0,14.553124975629679,120.91517768853768
MMTI-2025-0577,2025-02-12,09:53:00,manila,España Blvd,Jeepney,Collision,Fatal,Rain,Dry,Distracted Driving,22.0,male,0.0,71500.0,14.540061319371697,120.93932926457391
MMTI-2025-0578,2025-06-18,08:19:00,Mandaluyong,Quezon Ave,UV Express,Pedestrian,Major,RAIN,,Reckless Driving,18.0,male,2.0,46000.0,14.65662565081841,120.98076222828898
MMTI-2025-0579,2025-07-27,18:48:00,Manila,Aurora Blvd,UV Express,Pedestrian,Major,Cloudy,Wet,Mechanical Failure,64.0,Female,3.0,31500.0,14.603165070097154,121.05719492964838
MMTI-2025-0580,2025-08-28,23:52:00,Valenzuela,Ortigas Ave,Taxi,Collision,Fatal,Rain,,,31.0,FEMALE,3.0,73000.0,14.50602081473872,120.92779004510867
MMTI-2025-0581,2025-03-07,09:47:00,Manila,Aurora Blvd,Taxi,Side-swipe,Fatal,Rain,,,61.0,FEMALE,,70500.0,14.559927441665648,121.017391017114
MMTI-2025-0582,2025-10-18,01:59:00,Pasig,Commonwealth Ave,Bus,Pedestrian,, clear,,,42.0,Female,3.0,10000.0,14.606898116151145,120.93766773562845
MMTI-2025-0583,2025-02-25,10:36:00,Valenzuela,Roxas Blvd,Motorcycle,Rear-end,Minor,RAIN,,Drunk Driving,20.0,FEMALE,0.0,25500.0,14.539799746974545,121.0822690620467
MMTI-2025-0584,2025-07-17,09:13:00,Caloocan,Roxas Blvd,UV Express,Pedestrian,Minor,Cloudy,Dry,Traffic Violation,51.0,Male,1.0,43500.0,14.671941469475348,120.98217224686013
MMTI-2025-0585,2025-03-22,03:08:00,QUEZON CITY,Taft Ave,Truck,Collision,,Rain,Wet,Mechanical Failure,37.0,FEMALE,,87000.0,14.5949560048562,121.02074188973769
MMTI-2025-0586,2025-06-08,18:12:00,manila,Aurora Blvd,Bus,Rear-end,Minor,Rain,,Distracted Driving,,FEMALE,4.0,33500.0,14.605171300960915,121.08206050778811
MMTI-2025-0587,2025-09-09,14:29:00,Makati ,EDSA,UV Express,Collision,Fatal,RAIN,,Traffic Violation,62.0,male,3.0,80000.0,14.664685921087838,121.06996877815594
MMTI-2025-0588,2025-08-01,07:11:00, Pasig,Taft Ave,Truck,Hit and Run,Major,RAIN,,Distracted Driving,43.0,Male,1.0,22000.0,14.554755255404944,121.02561664065382
MMTI-2025-0589,2025-05-30,21:58:00,Makati,Quezon Ave,Truck,Hit and Run,,Clear,Slippery,Distracted Driving,66.0,Male,4.0,,14.655902128407378,120.98201921351394
MMTI-2025-0590,2025-03-26,08:13:00,manila,EDSA,Truck,Collision,Minor,RAIN,,,39.0,FEMALE,1.0,52500.0,14.507554931954648,120.95012114661141
MMTI-2025-0591,2025-12-30,04:20:00,Valenzuela,Aurora Blvd,Truck,Collision,Minor, clear,Wet,,26.0,FEMALE,2.0,22500.0,14.534117819128179,120.90361322553008
MMTI-2025-0592,2025-02-21,05:18:00,Taguig,España Blvd,UV Express,Hit and Run,Major,Clear,Dry,Reckless Driving,27.0,FEMALE,2.0,24500.0,14.543334486655015,120.90688896908267
MMTI-2025-0593,2025-12-12,17:13:00,Valenzuela,EDSA,Taxi,Pedestrian,Minor,Cloudy,Slippery,,21.0,Male,0.0,-5000.0,14.575479106258026,120.94034761030797
MMTI-2025-0594,2025-05-08,11:58:00,Caloocan,Quezon Ave,Motorcycle,Collision,,Clear,Dry,Traffic Violation,,Female,,87500.0,14.512634297043931,121.09174905103787
MMTI-2025-0595,2025-02-19,21:10:00,Pasay,EDSA,Truck,Pedestrian,Minor,Storm,Slippery,Mechanical Failure,57.0,Female,4.0,52500.0,14.68778464559895,120.92416079227986
MMTI-2025-0596,2025-04-20,03:22:00,Marikina,Commonwealth Ave,Motorcycle,Hit and Run,Fatal,Clear,,Mechanical Failure,47.0,Female,0.0,86000.0,14.663016978321162,121.02998899910438
MMTI-2025-0597,2025-07-08,01:04:00,Parañaque,Taft Ave,Bus,Pedestrian,,Clear,,Drunk Driving,34.0,Male,4.0,43500.0,14.69628317897152,121.03926307318892
MMTI-2025-0598,2025-12-14,22:08:00,Marikina,Commonwealth Ave,UV Express,Side-swipe,,Clear,Slippery,Overspeeding,56.0,FEMALE,3.0,67000.0,14.628118390950283,120.94648509547625
MMTI-2025-0599,2025-10-28,22:00:00,Caloocan,EDSA,Jeepney,Collision,Fatal,Rain,,Mechanical Failure,57.0,Male,0.0,19500.0,14.574904725698719,120.95932294607462
MMTI-2025-0600,2025-03-19,12:13:00,Quezon City,Quezon Ave,UV Express,Pedestrian,,RAIN,Slippery,Drunk Driving,35.0,male,,99000.0,14.507921495319714,121.05835595425602
MMTI-2025-0601,2025-08-01,20:52:00,San Juan,EDSA,Car,Side-swipe,Fatal,Rain,Wet,Overspeeding,60.0,Female,,91000.0,14.643900443944997,121.02161263953553
MMTI-2025-0602,2025-07-15,16:20:00,Pasay,Aurora Blvd,UV Express,Collision,Minor,Cloudy,Dry,Mechanical Failure,21.0,Female,1.0,18000.0,14.5183518784846,121.01852613024242
MMTI-2025-0603,2025-04-15,07:32:00,Makati,Taft Ave,UV Express,Hit and Run,Fatal,Rain,Wet,Mechanical Failure,45.0,Female,4.0,33500.0,14.560620141454567,121.01528436608355
MMTI-2025-0604,2025-11-22,06:17:00,Pateros,C5,Bus,Hit and Run,,Rain,,,45.0,FEMALE,1.0,63500.0,14.503962215426458,120.9762838623336
MMTI-2025-0605,2025-02-12,09:38:00,QUEZON CITY,Commonwealth Ave,Jeepney,Rear-end,Fatal,Cloudy,,Reckless Driving,47.0,male,3.0,73500.0,14.621205071331328,120.91438792993611
MMTI-2025-0606,2025-03-11,22:30:00,Parañaque,Commonwealth Ave,Car,Collision,Minor, clear,Slippery,,43.0,FEMALE,3.0,97000.0,14.574628979539927,120.99791022286983
MMTI-2025-0607,2025-11-25,18:04:00,Malabon,EDSA,Motorcycle,Hit and Run,,Rain,Wet,,34.0,male,4.0,92500.0,14.597724368624359,121.0376978790286
MMTI-2025-0608,2025-12-23,01:41:00,Navotas,Taft Ave,UV Express,Rear-end,Major,Cloudy,Dry,Traffic Violation,58.0,Male,,87000.0,14.629066707414216,120.95226613969422
MMTI-2025-0609,2025-08-22,21:09:00,Mandaluyong,Quezon Ave,Jeepney,Pedestrian,Major,Clear,Dry,Distracted Driving,59.0,FEMALE,3.0,92000.0,14.617232085725883,121.08019912999922
MMTI-2025-0610,2025-09-23,06:56:00,Malabon,Commonwealth Ave,Taxi,Hit and Run,Fatal,RAIN,Slippery,,55.0,male,,54500.0,14.650492450410724,121.08486411828943
MMTI-2025-0611,2025-02-15,03:40:00,Makati ,Ortigas Ave,Taxi,Rear-end,Fatal,RAIN,Wet,,62.0,male,0.0,23500.0,14.663277875619714,120.90031571551691
MMTI-2025-0612,2025-02-05,22:26:00,manila,Taft Ave,UV Express,Side-swipe,,Rain,Wet,Traffic Violation,29.0,Female,1.0,64000.0,14.536396866295656,121.08969666229224
MMTI-2025-0613,2025-08-19,18:52:00,Parañaque,Commonwealth Ave,Car,Collision,Major,Rain,Slippery,,46.0,Male,,23000.0,14.515961960394868,120.91714141276141
MMTI-2025-0614,2025-03-05,08:04:00,Marikina,EDSA,Jeepney,Rear-end,,Cloudy,Dry,Overspeeding,21.0,male,0.0,87000.0,14.616489089711319,121.09752376681844
MMTI-2025-0615,2025-02-19,06:33:00,Manila,Taft Ave,Jeepney,Pedestrian,Fatal,Cloudy,,Traffic Violation,56.0,FEMALE,2.0,49000.0,14.636371999815333,120.96861549019731
MMTI-2025-0616,2025-06-11,07:23:00,Navotas,Taft Ave,Jeepney,Collision,Fatal,Storm,Dry,Overspeeding,47.0,FEMALE,,19500.0,14.505136085453493,120.92457890789063
MMTI-2025-0617,2025-09-29,08:44:00,Caloocan,Ortigas Ave,Truck,Pedestrian,, clear,,Mechanical Failure,18.0,male,0.0,83000.0,14.57204112242674,120.90915085668803
MMTI-2025-0618,2025-06-16,21:28:00,Caloocan,Katipunan Ave,Truck,Hit and Run,,Clear,Slippery,,48.0,Male,,51000.0,14.558772594641407,120.93901539103977
MMTI-2025-0619,2025-03-15,16:56:00,Makati ,España Blvd,Motorcycle,Rear-end,,Clear,Slippery,,28.0,FEMALE,0.0,63500.0,14.632528422088427,120.9481803227117
MMTI-2025-0620,2025-04-19,05:48:00,Makati,C5,Truck,Collision,Major,Storm,,Reckless Driving,32.0,male,,62500.0,14.690300775911675,121.03412025440201
MMTI-2025-0621,2025-12-07,04:59:00,QUEZON CITY,Aurora Blvd,Motorcycle,Side-swipe,Major, clear,,Distracted Driving,59.0,male,3.0,93500.0,14.648593563938144,121.04500561711438
MMTI-2025-0622,2025-12-01,20:50:00,QUEZON CITY,Taft Ave,Taxi,Rear-end,Major,Storm,Dry,Reckless Driving,23.0,Male,0.0,45500.0,14.648116243768037,121.08744213013077
MMTI-2025-0623,2025-03-01,18:23:00,Pasig,Ortigas Ave,Truck,Pedestrian,Minor,Storm,Dry,Mechanical Failure,42.0,FEMALE,2.0,-5000.0,14.573004768487094,121.03586043407608
MMTI-2025-0624,2025-03-06,16:42:00, Pasig,Katipunan Ave,Car,Collision,,Clear,,,38.0,Female,2.0,30000.0,14.59996653300521,120.9911569061092
MMTI-2025-0625,2025-11-04,09:09:00,Quezon City,Katipunan Ave,Bus,Side-swipe,,RAIN,Dry,Reckless Driving,63.0,FEMALE,,29500.0,14.599005105035745,121.04082809532657
MMTI-2025-0626,2025-07-12,01:51:00,Marikina,Commonwealth Ave,Taxi,Rear-end,Major,RAIN,Dry,Drunk Driving,49.0,FEMALE,2.0,86000.0,14.682475274575529,120.93183864502768
MMTI-2025-0627,2025-01-12,17:25:00,Marikina,Taft Ave,UV Express,Hit and Run,Fatal,Cloudy,,Distracted Driving,51.0,male,2.0,91000.0,14.684612757258254,121.04022173413077
MMTI-2025-0628,2025-10-08,12:06:00,Pasig,Ortigas Ave,Taxi,Pedestrian,Minor,RAIN,Slippery,,59.0,Female,4.0,19500.0,14.588376748108798,120.99648834361298
MMTI-2025-0629,2025-03-16,06:13:00,Parañaque,EDSA,Bus,Pedestrian,Minor,RAIN,Wet,,45.0,Female,0.0,14000.0,14.571116770765421,120.99477515098398
MMTI-2025-0630,2025-01-27,03:32:00,Marikina,Katipunan Ave,Truck,Rear-end,,Rain,Dry,Distracted Driving,33.0,FEMALE,3.0,40500.0,14.637596821183198,121.09091107274963
MMTI-2025-0631,2025-12-01,23:24:00,Makati,Aurora Blvd,Taxi,Hit and Run,Fatal,RAIN,,Traffic Violation,18.0,Male,0.0,12500.0,14.52441031260672,121.02828186552047