Incident_ID,Date,Time,City,Road_Name,Vehicle_Type,Accident_Type,Severity,Weather_Condition,Road_Condition,Cause,Driver_Age,Driver_Gender,Injury_Count,Damage_Cost_PHP,Latitude,Longitude
MMTI-2025-0632,2025-09-18,07:01:00,Makati ,Katipunan Ave,Jeepney,Hit and Run,Fatal,RAIN,Dry,Drunk Driving,42.0,FEMALE,,91500.0,14.586731295732205,121.01428461987561
MMTI-2025-0633,2025-02-20,10:04:00,QUEZON CITY,Commonwealth Ave,Truck,Collision,, clear,,,22.0,Male,1.0,86000.0,14.679520459647962,120.93613283464612
MMTI-2025-0634,2025-11-03,22:11:00,Manila,España Blvd,Truck,Side-swipe,Minor,Clear,Wet,Mechanical Failure,59.0,Female,0.0,73500.0,14.551352096872703,121.05061374609919
MMTI-2025-0635,2025-02-13,03:32:00,San Juan,Ortigas Ave,Jeepney,Rear-end,,RAIN,Dry,Mechanical Failure,37.0,Male,4.0,39500.0,14.631831515631232,120.98898405751565
MMTI-2025-0636,2025-10-23,15:44:00,Marikina,España Blvd,Bus,Pedestrian,, clear,Wet,Distracted Driving,60.0,Male,1.0,6500.0,14.537614730211597,120.95994184591784
MMTI-2025-0637,2025-04-21,04:38:00,QUEZON CITY,Quezon Ave,Jeepney,Side-swipe,Fatal,Rain,,,22.0,male,2.0,50500.0,14.629953788077325,120.93266387492427
MMTI-2025-0638,2025-08-22,02:16:00,Malabon,Commonwealth Ave,Jeepney,Rear-end,Minor,RAIN,Slippery,Mechanical Failure,63.0,male,4.0,86000.0,14.629554222256703,121.00228548885129
MMTI-2025-0639,2025-03-25,13:52:00,Pasig,Ortigas Ave,Taxi,Hit and Run,,Clear,,Mechanical Failure,22.0,male,0.0,70000.0,14.52199802649614,121.00967375696716
MMTI-2025-0640,2025-02-03,10:40:00,Makati,Ortigas Ave,Bus,Side-swipe,Major,Rain,Slippery,Overspeeding,24.0,FEMALE,1.0,50000.0,14.690356572128836,121.05654672373181
MMTI-2025-0641,2025-03-05,05:33:00,San Juan,Katipunan Ave,Taxi,Hit and Run,Minor, clear,Slippery,Reckless Driving,53.0,male,4.0,14500.0,14.679314048659746,120.93414948332011
MMTI-2025-0642,2025-07-19,05:22:00,QUEZON CITY,España Blvd,Jeepney,Hit and Run,, clear,Wet,Reckless Driving,18.0,Female,,18000.0,14.528534028498532,121.01351215501938
MMTI-2025-0643,2025-05-17,01:58:00,Las Piñas,Quezon Ave,UV Express,Pedestrian,,RAIN,,Drunk Driving,46.0,male,3.0,66000.0,14.557363932245705,121.09052326444949
MMTI-2025-0644,2025-09-24,22:56:00,Caloocan,Roxas Blvd,UV Express,Collision,Fatal,Cloudy,Slippery,Distracted Driving,58.0,Male,0.0,95000.0,14.548007348097663,120.91872672165202
MMTI-2025-0645,2025-10-22,01:05:00,San Juan,España Blvd,Truck,Collision,,RAIN,,Drunk Driving,48.0,FEMALE,4.0,89500.0,14.699590885157546,121.07761610676708
MMTI-2025-0646,2025-12-24,03:25:00,Manila,Katipunan Ave,Car,Collision,,RAIN,,Traffic Violation,33.0,Male,4.0,59000.0,14.69292947675069,121.03490443368284
MMTI-2025-0647,2025-09-26,07:11:00,Makati,Ortigas Ave,Taxi,Rear-end,,Storm,Dry,,49.0,FEMALE,1.0,49500.0,14.693945680727413,120.96759171920128
MMTI-2025-0648,2025-12-14,07:53:00,QUEZON CITY,C5,Bus,Side-swipe,,Storm,Slippery,Mechanical Failure,18.0,FEMALE,1.0,41000.0,14.685821801324355,121.09182698822465
MMTI-2025-0649,2025-09-21,01:59:00,Valenzuela,Katipunan Ave,Taxi,Hit and Run,Minor,Storm,Dry,,39.0,male,2.0,15500.0,14.501030882224025,121.07803925532465
MMTI-2025-0650,2025-04-06,12:22:00,Manila,C5,Truck,Hit and Run,Major,Clear,,Drunk Driving,44.0,Male,3.0,2500.0,14.531126080109846,121.03132668919882
MMTI-2025-0651,2025-04-26,15:25:00,Las Piñas,Roxas Blvd,Bus,Hit and Run,Major, clear,Slippery,Distracted Driving,46.0,FEMALE,1.0,19500.0,14.570747555415467,120.98679203093918
MMTI-2025-0652,2025-07-03,22:12:00,Taguig,Quezon Ave,Bus,Collision,Major,Cloudy,,Traffic Violation,20.0,Female,,27000.0,14.689675167917155,121.09193977067656
MMTI-2025-0653,2025-05-17,03:26:00,Pateros,España Blvd,Truck,Rear-end,Fatal,Cloudy,,,26.0,Male,0.0,4500.0,14.525224715703043,120.96882411018015
MMTI-2025-0654,2025-01-07,21:15:00,Quezon City,Ortigas Ave,Truck,Pedestrian,Minor,Cloudy,,Reckless Driving,36.0,FEMALE,0.0,99000.0,14.58579038716517,121.02352263205125
MMTI-2025-0655,2025-09-19,05:15:00,Mandaluyong,C5,Taxi,Side-swipe,Major,RAIN,,Mechanical Failure,48.0,Male,,95000.0,14.600466788725704,120.93623764990072
MMTI-2025-0656,2025-10-30,20:40:00,Pasig,Quezon Ave,Motorcycle,Rear-end,,Clear,Slippery,Mechanical Failure,27.0,FEMALE,0.0,80500.0,14.539928698675238,121.07287002213442
MMTI-2025-0657,2025-07-14,13:33:00,San Juan,Quezon Ave,Car,Side-swipe,,Cloudy,Dry,,59.0,Male,2.0,16000.0,14.553849217837417,120.95611118814797
MMTI-2025-0658,2025-06-29,22:26:00,Caloocan,Ortigas Ave,Motorcycle,Rear-end,Minor,Clear,Dry,Traffic Violation,31.0,male,3.0,37500.0,14.681696394989672,120.92015233998137
MMTI-2025-0659,2025-04-05,08:31:00,Las Piñas,Ortigas Ave,Bus,Collision,Minor,RAIN,Dry,Drunk Driving,39.0,male,,48000.0,14.648586403993976,121.01778221507202
MMTI-2025-0660,2025-11-06,11:15:00,Mandaluyong,Quezon Ave,Jeepney,Hit and Run,Minor,Clear,Wet,Distracted Driving,20.0,Female,1.0,92000.0,14.589153960236162,120.91972748201323
MMTI-2025-0661,2025-10-07,19:21:00,San Juan,Aurora Blvd,Taxi,Rear-end,,RAIN,Wet,Overspeeding,26.0,Female,3.0,72000.0,14.642320625860282,121.07831733059447
MMTI-2025-0662,2025-10-14,11:57:00,Las Piñas,Aurora Blvd,UV Express,Collision,,Clear,,,51.0,Male,1.0,78500.0,14.55482972815142,121.09349738825699
MMTI-2025-0663,2025-05-29,01:36:00,Quezon City,Quezon Ave,UV Express,Hit and Run,,RAIN,,Distracted Driving,28.0,FEMALE,4.0,51000.0,14.612499718039292,120.97804938018449
MMTI-2025-0664,2025-11-07,08:13:00,Pasay,EDSA,Car,Pedestrian,Major, clear,Dry,,50.0,male,2.0,30000.0,14.55927273736634,120.95370293043875
MMTI-2025-0665,2025-03-02,05:14:00,Quezon City,España Blvd,Car,Side-swipe,Minor,RAIN,Wet,Reckless Driving,26.0,male,0.0,84000.0,14.696004732324194,121.09790725383671
MMTI-2025-0666,2025-04-18,17:07:00,Manila,Ortigas Ave,UV Express,Pedestrian,Fatal,Storm,Dry,Reckless Driving,64.0,Female,3.0,80000.0,14.558979067690126,121.09705225684831
MMTI-2025-0667,2025-11-17,00:52:00,Las Piñas,Quezon Ave,UV Express,Side-swipe,Major,Storm,Dry,Distracted Driving,64.0,FEMALE,,34500.0,14.674005157688603,121.02686110824995
MMTI-2025-0668,2025-10-10,06:52:00,Valenzuela,Quezon Ave,Bus,Side-swipe,Major, clear,,Drunk Driving,46.0,Female,,94500.0,14.586780712557793,120.92966683790411
MMTI-2025-0669,2025-09-03,02:31:00,Pasay,Aurora Blvd,Car,Rear-end,Major, clear,,Drunk Driving,59.0,male,0.0,41500.0,14.532583729751785,120.93554685386643
MMTI-2025-0670,2025-07-21,21:38:00,Parañaque,C5,Car,Collision,,Rain,,,24.0,Female,,98000.0,14.661598545330447,121.02065870329697
MMTI-2025-0671,2025-07-13,12:01:00,Taguig,EDSA,Taxi,Collision,Major,Rain,Dry,Reckless Driving,27.0,Male,0.0,15500.0,14.608474033677775,121.0636510719931
MMTI-2025-0672,2025-12-29,02:12:00,Pasig,Aurora Blvd,Taxi,Pedestrian,,Rain,Slippery,Traffic Violation,48.0,Female,1.0,9000.0,14.608705287712874,120.95349132810159
MMTI-2025-0673,2025-10-06,03:01:00,Quezon City,C5,Jeepney,Side-swipe,Minor, clear,,Drunk Driving,18.0,Female,0.0,31000.0,14.585427086629544,120.92947530203061
MMTI-2025-0674,2025-12-02,09:14:00,Navotas,C5,Truck,Rear-end,Minor,Rain,Dry,Reckless Driving,40.0,Male,4.0,44500.0,14.523670194090148,121.08466392148242
MMTI-2025-0675,2025-02-13,01:38:00,Pasig,Commonwealth Ave,Truck,Pedestrian,Fatal, clear,Wet,,27.0,male,4.0,38500.0,14.569677136652771,120.92078451256617
MMTI-2025-0676,2025-09-13,21:23:00,Mandaluyong,C5,Taxi,Collision,Major,RAIN,Wet,Traffic Violation,27.0,FEMALE,3.0,94000.0,14.659370147862354,121.0952678493834
MMTI-2025-0677,2025-02-04,03:36:00,Malabon,Roxas Blvd,Car,Collision,Fatal,Rain,Wet,,40.0,male,3.0,56000.0,14.59625771000001,121.09456977309875
MMTI-2025-0678,2025-11-05,20:21:00,Pasig,Quezon Ave,Truck,Hit and Run,,Cloudy,,,52.0,Female,3.0,12500.0,14.616192787460864,120.98436815221153
MMTI-2025-0679,2025-10-23,22:51:00,Caloocan,C5,Car,Side-swipe,Minor,Rain,Dry,Traffic Violation,53.0,FEMALE,1.0,16000.0,14.511915477978233,120.96986950689683
MMTI-2025-0680,2025-03-13,09:29:00,Pasig,España Blvd,Truck,Rear-end,Major,Rain,Dry,Drunk Driving,25.0,Female,3.0,95500.0,14.505269376480761,121.09298263851511
MMTI-2025-0681,2025-07-10,01:44:00,Taguig,Katipunan Ave,Motorcycle,Hit and Run,,Rain,Dry,Drunk Driving,41.0,Female,0.0,33000.0,14.515413059312817,121.01383663092713
MMTI-2025-0682,2025-08-02,04:48:00,Pasay,Aurora Blvd,UV Express,Rear-end,,RAIN,Slippery,,44.0,male,3.0,84500.0,14.639049404879227,120.95735381411205
MMTI-2025-0683,2025-03-21,01:56:00,Quezon City,Katipunan Ave,Taxi,Rear-end,,Rain,Dry,,45.0,FEMALE,4.0,93000.0,14.665903646138391,121.08383004601608
MMTI-2025-0684,2025-09-14,09:45:00,Caloocan,Taft Ave,Car,Side-swipe,Minor, clear,,Drunk Driving,65.0,Female,3.0,81000.0,14.51119936439232,120.97845819172814
MMTI-2025-0685,2025-10-14,19:53:00,Makati,Aurora Blvd,Truck,Side-swipe,,Cloudy,Wet,Overspeeding,69.0,male,,56000.0,14.53894611786294,120.92168017641366
MMTI-2025-0686,2025-02-09,11:38:00,Marikina,EDSA,Car,Side-swipe,Major, clear,Dry,Distracted Driving,31.0,Male,2.0,26000.0,14.610338275435158,121.02767779220522
MMTI-2025-0687,2025-01-17,07:17:00,Makati,Katipunan Ave,Jeepney,Collision,,Cloudy,Dry,Overspeeding,38.0,Male,2.0,3000.0,14.696108325357212,121.05033588600517
MMTI-2025-0688,2025-07-23,16:12:00,Marikina,Taft Ave,UV Express,Side-swipe,Major,RAIN,Dry,Traffic Violation,44.0,Male,4.0,21000.0,14.50473706213709,121.05921385941225
MMTI-2025-0689,2025-09-02,18:55:00,Quezon City,Roxas Blvd,Car,Rear-end,,Clear,Dry,Mechanical Failure,31.0,Female,,22500.0,14.69868332589219,121.00032398330615
MMTI-2025-0690,2025-11-08,20:33:00,Marikina,Aurora Blvd,Taxi,Rear-end,Fatal,Storm,Slippery,,20.0,FEMALE,1.0,28500.0,14.699401899591665,121.02137540888042
MMTI-2025-0691,2025-03-20,18:40:00,Pateros,C5,Taxi,Collision,Major,Storm,,Distracted Driving,49.0,Male,3.0,42000.0,14.533943527838671,120.95912163579683
MMTI-2025-0692,2025-02-04,08:36:00,Las Piñas,Ortigas Ave,Motorcycle,Collision,Major,RAIN,,Reckless Driving,48.0,male,3.0,85000.0,14.684832154423665,121.08796589393015
MMTI-2025-0693,2025-10-19,15:02:00,Las Piñas,Roxas Blvd,Truck,Hit and Run,,RAIN,Wet,,41.0,male,2.0,12500.0,14.636440179367654,121.00118848599507
MMTI-2025-0694,2025-05-15,21:02:00, Pasig,EDSA,UV Express,Rear-end,,Clear,Wet,Distracted Driving,36.0,FEMALE,1.0,74500.0,14.579856084069355,120.91459573540547
MMTI-2025-0695,2025-07-18,14:42:00,Makati,Ortigas Ave,Truck,Hit and Run,,Cloudy,Dry,Distracted Driving,29.0,Male,3.0,,14.586622879206345,120.98030409414876
MMTI-2025-0696,2025-02-03,10:21:00, Pasig,Aurora Blvd,Car,Hit and Run,Minor,Storm,,Overspeeding,52.0,Female,3.0,20500.0,14.628043276389644,120.96403732384475
MMTI-2025-0697,2025-01-17,19:49:00,Navotas,EDSA,Taxi,Side-swipe,,Cloudy,Wet,Overspeeding,31.0,Male,,56000.0,14.553969622033941,121.02713745858685
MMTI-2025-0698,2025-02-12,04:04:00,Mandaluyong,Taft Ave,Motorcycle,Side-swipe,,Cloudy,,Mechanical Failure,60.0,male,1.0,8500.0,14.518488252006406,121.08032834742745
MMTI-2025-0699,2025-06-25,09:10:00,Parañaque,Ortigas Ave,Truck,Hit and Run,, clear,Wet,,40.0,FEMALE,0.0,73500.0,14.65661447479394,121.01942572772289
MMTI-2025-0700,2025-02-09,23:42:00,Makati ,Katipunan Ave,Car,Side-swipe,Fatal,Clear,Wet,,27.0,FEMALE,2.0,16500.0,14.658403363779152,121.0347890621519
MMTI-2025-0701,2025-05-15,16:46:00,Manila,Aurora Blvd,Taxi,Rear-end,,RAIN,,Distracted Driving,20.0,Female,,26000.0,14.584035221780011,121.0092172455406
MMTI-2025-0702,2025-03-27,19:24:00,Parañaque,Ortigas Ave,Car,Rear-end,,Clear,Slippery,Traffic Violation,19.0,male,2.0,66000.0,14.663810303610203,120.92494907036323
MMTI-2025-0703,2025-09-13,20:29:00,Malabon,Taft Ave,Bus,Side-swipe,,Cloudy,,Traffic Violation,25.0,Female,3.0,56500.0,14.574624297286414,121.01055071442559
MMTI-2025-0704,2025-03-25,17:27:00,Navotas,Roxas Blvd,Taxi,Hit and Run,Fatal,RAIN,,Distracted Driving,23.0,Male,0.0,85000.0,14.503285298669725,121.0864993503858
MMTI-2025-0705,2025-02-23,15:47:00, Pasig,España Blvd,Motorcycle,Hit and Run,, clear,Dry,Reckless Driving,44.0,Female,1.0,60000.0,14.610317582459867,120.92290022104318
MMTI-2025-0706,2025-08-29,03:22:00,Valenzuela,Taft Ave,Taxi,Hit and Run,Minor,Storm,Wet,Reckless Driving,35.0,male,2.0,55000.0,14.634660162391596,120.90083151146798
MMTI-2025-0707,2025-08-01,01:00:00,Manila,Commonwealth Ave,Taxi,Side-swipe,,RAIN,,Traffic Violation,39.0,Female,4.0,57000.0,14.548366222613662,121.0946980646124
MMTI-2025-0708,2025-04-09,19:41:00,Navotas,EDSA,Taxi,Pedestrian,,Rain,,Drunk Driving,43.0,male,4.0,22000.0,14.58748031740035,120.91991558478777
MMTI-2025-0709,2025-03-06,16:07:00,Makati ,Taft Ave,Taxi,Side-swipe,,Rain,Slippery,Mechanical Failure,23.0,Male,0.0,57500.0,14.502307624561928,121.05400644629194
MMTI-2025-0710,2025-03-20,00:39:00,QUEZON CITY,C5,Jeepney,Hit and Run,Minor,RAIN,Wet,,58.0,male,1.0,32500.0,14.630504543927177,120.94435104473968
MMTI-2025-0711,2025-04-10,17:53:00,Caloocan,Taft Ave,Taxi,Side-swipe,Minor,Storm,Dry,Drunk Driving,58.0,Male,,76000.0,14.673387809251874,120.9221863038229
MMTI-2025-0712,2025-11-02,03:06:00,Pasig,Roxas Blvd,Bus,Rear-end,Minor,Clear,,Traffic Violation,31.0,FEMALE,0.0,64500.0,14.659088291260536,120.98274902563331
MMTI-2025-0713,2025-09-07,20:04:00,Parañaque,Taft Ave,Truck,Side-swipe,,Rain,Wet,Reckless Driving,18.0,Female,,74500.0,14.626242680261514,121.07096178536334
MMTI-2025-0714,2025-03-02,10:22:00,Pateros,Katipunan Ave,Jeepney,Pedestrian,Minor,Rain,,Reckless Driving,25.0,Female,4.0,5500.0,14.60719083551025,121.0035989843484
MMTI-2025-0715,2025-03-20,06:55:00,Las Piñas,C5,Car,Collision,Fatal,Rain,Wet,Distracted Driving,64.0,Female,2.0,37000.0,14.596314974426088,121.09064587219353
MMTI-2025-0716,2025-06-28,22:35:00,San Juan,Aurora Blvd,UV Express,Hit and Run,, clear,,Mechanical Failure,34.0,Female,1.0,89500.0,14.669207155536585,121.04347922694845
MMTI-2025-0717,2025-07-21,03:37:00,Makati ,Roxas Blvd,Car,Rear-end,,Cloudy,,,56.0,male,2.0,81500.0,14.521511822353744,120.97660916958648
MMTI-2025-0718,2025-04-13,18:22:00,Las Piñas,C5,Truck,Rear-end,Minor, clear,Slippery,,36.0,male,3.0,5500.0,14.522929990559673,121.061808093373
MMTI-2025-0719,2025-08-08,05:22:00,Caloocan,C5,Car,Side-swipe,Fatal,Rain,Slippery,Distracted Driving,18.0,male,,3000.0,14.643360524369582,120.94275448540655
MMTI-2025-0720,2025-10-18,10:57:00,Caloocan,España Blvd,Motorcycle,Hit and Run,Fatal, clear,Wet,Mechanical Failure,24.0,male,,79500.0,14.689254212205649,121.0614852992593
MMTI-2025-0721,2025-12-10,02:36:00,Malabon,Taft Ave,Bus,Side-swipe,Major,Rain,Dry,,49.0,Male,2.0,55500.0,14.523851804620165,120.99055702115766
MMTI-2025-0722,2025-11-04,10:37:00,Navotas,Quezon Ave,Jeepney,Collision,Fatal,Clear,,Overspeeding,47.0,male,1.0,53500.0,14.507401639067872,121.00669340181058
MMTI-2025-0723,2025-09-28,01:21:00,Manila,C5,Truck,Collision,,RAIN,Slippery,Reckless Driving,38.0,male,3.0,12000.0,14.61129004027637,120.96263493224058
MMTI-2025-0724,2025-11-10,01:25:00,San Juan,Aurora Blvd,Truck,Collision,Fatal, clear,Dry,Overspeeding,32.0,Male,0.0,19500.0,14.521027138819605,120.96457180807202
MMTI-2025-0725,2025-12-19,23:27:00,Caloocan,Commonwealth Ave,Motorcycle,Rear-end,Fatal, clear,Dry,Overspeeding,34.0,Male,0.0,8000.0,14.689428972161249,120.91500843504627
MMTI-2025-0726,2025-06-18,22:39:00,Navotas,Roxas Blvd,UV Express,Rear-end,Major, clear,,Distracted Driving,26.0,male,1.0,98000.0,14.61682606024712,121.07003073985254
MMTI-2025-0727,2025-07-31,20:28:00,Taguig,España Blvd,Jeepney,Rear-end,,Cloudy,,Reckless Driving,38.0,FEMALE,1.0,13500.0,14.552762406716052,120.95924683766273
MMTI-2025-0728,2025-02-12,11:35:00,Caloocan,Quezon Ave,UV Express,Collision,Minor,Cloudy,Dry,Mechanical Failure,18.0,Female,3.0,51000.0,14.537583485972354,120.92090694359013
MMTI-2025-0729,2025-04-17,18:48:00,manila,España Blvd,Taxi,Side-swipe,Fatal,RAIN,,Drunk Driving,50.0,Male,1.0,30000.0,14.683339448815053,120.97711514975886
MMTI-2025-0730,2025-08-20,19:32:00,Parañaque,Taft Ave,Car,Collision,Fatal,Cloudy,Wet,Reckless Driving,54.0,Male,1.0,61000.0,14.675239247243365,121.04900519864292
MMTI-2025-0731,2025-05-04,00:57:00,Valenzuela,Commonwealth Ave,Bus,Collision,,RAIN,,,40.0,male,0.0,72000.0,14.516813353232186,120.98629472734342
MMTI-2025-0732,2025-03-19,12:32:00,Malabon,España Blvd,Bus,Collision,,Storm,Slippery,Distracted Driving,21.0,FEMALE,,56000.0,14.538786325296769,120.93788992673561
MMTI-2025-0733,2025-04-01,19:17:00,manila,Katipunan Ave,Truck,Pedestrian,,Clear,Dry,Mechanical Failure,25.0,Female,0.0,8500.0,14.679011692159904,121.01504610071507
MMTI-2025-0734,2025-05-03,02:34:00,Taguig,Roxas Blvd,Car,Pedestrian,,Cloudy,,Distracted Driving,32.0,male,3.0,28000.0,14.534205823817443,120.94071509591883
MMTI-2025-0735,2025-11-23,09:45:00, Pasig,Roxas Blvd,UV Express,Collision,Minor,Rain,,,65.0,male,,32500.0,14.53404651480185,121.03628849695542
MMTI-2025-0736,2025-03-27,05:21:00,Valenzuela,Commonwealth Ave,Motorcycle,Hit and Run,,Storm,Dry,Drunk Driving,34.0,Male,1.0,88500.0,14.6520521504478,120.90194677501025
MMTI-2025-0737,2025-06-30,15:37:00,Manila,Aurora Blvd,Taxi,Rear-end,,Clear,Dry,Overspeeding,54.0,male,1.0,69000.0,14.600629294167913,121.05099849573759
MMTI-2025-0738,2025-02-18,03:19:00,Marikina,Aurora Blvd,Truck,Side-swipe,,Storm,,Reckless Driving,41.0,FEMALE,0.0,47000.0,14.560226806566353,120.96674777402188
MMTI-2025-0739,2025-09-23,21:54:00, Pasig,Aurora Blvd,Motorcycle,Side-swipe,,RAIN,Dry,Drunk Driving,44.0,Female,,20000.0,14.571438881006587,120.90618093497213
MMTI-2025-0740,2025-10-23,23:44:00,Malabon,Ortigas Ave,Car,Collision,Major,Cloudy,Dry,Reckless Driving,58.0,FEMALE,4.0,24000.0,14.553061866626631,121.03581327251918
MMTI-2025-0741,2025-06-19,12:37:00,Malabon,Roxas Blvd,Bus,Rear-end,Minor, clear,,Traffic Violation,57.0,Male,3.0,60000.0,14.613332486105193,121.05850511311344
MMTI-2025-0742,2025-06-27,09:07:00,Manila,Aurora Blvd,UV Express,Rear-end,,RAIN,Wet,Reckless Driving,57.0,Female,2.0,64000.0,14.55765199074837,121.05995701297333
MMTI-2025-0743,2025-01-08,14:02:00,Parañaque,Roxas Blvd,Taxi,Pedestrian,Minor,Clear,,Reckless Driving,18.0,FEMALE,2.0,86500.0,14.666822010279658,120.909980409222
MMTI-2025-0744,2025-03-12,11:56:00,San Juan,España Blvd,UV Express,Pedestrian,Major,Clear,Slippery,Drunk Driving,64.0,Female,3.0,76500.0,14.683651967466947,120.9581604051871
MMTI-2025-0745,2025-01-17,15:59:00,Las Piñas,Quezon Ave,Taxi,Hit and Run,,Cloudy,Dry,Reckless Driving,37.0,male,1.0,74000.0,14.587163254140203,121.0751864810623
MMTI-2025-0746,2025-10-24,04:43:00,Parañaque,Roxas Blvd,Car,Hit and Run,,Rain,Slippery,Reckless Driving,23.0,male,4.0,82000.0,14.59223087660347,120.93667443450684
MMTI-2025-0747,2025-08-12,03:08:00,manila,Aurora Blvd,UV Express,Side-swipe,,RAIN,Slippery,,40.0,FEMALE,3.0,55500.0,14.692289384320764,120.99225679640126
MMTI-2025-0748,2025-10-14,00:49:00,Malabon,C5,Taxi,Rear-end,,Storm,Wet,Traffic Violation,26.0,male,0.0,98500.0,14.669021468449621,120.92518716812573
MMTI-2025-0749,2025-12-10,00:29:00,manila,Aurora Blvd,Taxi,Collision,Minor,Clear,Slippery,Distracted Driving,39.0,Male,2.0,74000.0,14.596293580071022,120.96626151928949
MMTI-2025-0750,2025-02-01,03:47:00,Makati ,España Blvd,UV Express,Collision,Major, clear,Wet,,26.0,Female,,83500.0,14.670451139144266,120.9601784417454
MMTI-2025-0751,2025-06-09,23:59:00,Manila,Aurora Blvd,Jeepney,Rear-end,Minor,Clear,Dry,Drunk Driving,56.0,Male,4.0,14000.0,14.549441217190465,120.92072140496037
MMTI-2025-0752,2025-01-13,16:28:00,Navotas,EDSA,Motorcycle,Side-swipe,,Cloudy,Wet,Mechanical Failure,52.0,male,4.0,89000.0,14.587825970142058,121.03163186403687
MMTI-2025-0753,2025-03-05,13:09:00,Manila,Commonwealth Ave,Car,Rear-end,Major, clear,,Mechanical Failure,48.0,FEMALE,2.0,39000.0,14.633507105857163,121.0918182828855
MMTI-2025-0754,2025-09-10,11:42:00,Mandaluyong,Taft Ave,Truck,Collision,,Cloudy,,Drunk Driving,19.0,male,3.0,17000.0,14.612841816826805,120.90220392879924
MMTI-2025-0755,2025-06-05,01:41:00, Pasig,Aurora Blvd,Motorcycle,Side-swipe,Major,Cloudy,,Reckless Driving,18.0,Female,2.0,66000.0,14.671167914362284,121.00064112426458
MMTI-2025-0756,2025-06-28,22:33:00,Navotas,España Blvd,Motorcycle,Rear-end,Major,Storm,,Traffic Violation,47.0,Female,2.0,99500.0,14.631688788984611,121.0846953874736
MMTI-2025-0757,2025-02-04,20:30:00,Navotas,Aurora Blvd,Jeepney,Rear-end,,RAIN,,Reckless Driving,26.0,male,4.0,76000.0,14.56961904404237,121.02349500481768
MMTI-2025-0758,2025-07-26,02:02:00,Manila,Commonwealth Ave,Car,Collision,Minor,Cloudy,,Traffic Violation,66.0,Female,,32000.0,14.521086361854962,121.07615108217895